code;name;sitecode;lat;lon;start;stop;teff;lm;f;nta
AGUSA;Salvador Aguirre;23915;29.3194;-110.8228;2007-10-20 08:25:00;2007-10-20 09:25:00;1.0000;6.200;1.000;1
AGUSA;Salvador Aguirre;23915;29.3194;-110.8228;2007-10-20 09:26:00;2007-10-20 10:26:00;1.0000;6.200;1.000;0
AGUSA;Salvador Aguirre;23915;29.3194;-110.8228;2007-10-20 10:27:00;2007-10-20 11:28:00;1.0000;6.200;1.000;0
AGUSA;Salvador Aguirre;23915;29.3194;-110.8228;2007-10-20 11:29:00;2007-10-20 12:07:00;0.5000;6.200;1.000;1
AGUSA;Salvador Aguirre;61711;29.3194;-110.8228;2007-10-21 08:30:00;2007-10-21 09:30:00;1.0000;6.700;1.000;0
AGUSA;Salvador Aguirre;61711;29.3194;-110.8228;2007-10-21 09:31:00;2007-10-21 10:32:00;1.0000;6.700;1.000;0
AGUSA;Salvador Aguirre;61711;29.3194;-110.8228;2007-10-21 10:33:00;2007-10-21 11:34:00;1.0000;6.700;1.000;0
AGUSA;Salvador Aguirre;61711;29.3194;-110.8228;2007-10-21 11:35:00;2007-10-21 12:14:00;0.6000;6.700;1.000;0
AGUSA;Salvador Aguirre;78929;29.3194;-110.8228;2007-10-22 08:05:00;2007-10-22 09:05:00;1.0000;5.000;1.000;1
AGUSA;Salvador Aguirre;78929;29.3194;-110.8228;2007-10-22 09:06:00;2007-10-22 10:07:00;1.0000;5.800;1.000;1
AGUSA;Salvador Aguirre;78929;29.3194;-110.8228;2007-10-22 10:08:00;2007-10-22 11:10:00;1.0000;6.500;1.000;0
AGUSA;Salvador Aguirre;78929;29.3194;-110.8228;2007-10-22 11:11:00;2007-10-22 12:11:00;1.0000;6.500;1.000;0
AGUSA;Salvador Aguirre;527;29.2175;-110.7606;2007-11-03 05:37:00;2007-11-03 06:37:00;1.0000;6.000;1.000;0
AGUSA;Salvador Aguirre;527;29.2175;-110.7606;2007-11-03 08:25:00;2007-11-03 08:55:00;0.5000;6.000;1.000;0
AGUSA;Salvador Aguirre;86185;29.3194;-110.8228;2007-11-12 07:29:00;2007-11-12 08:44:00;1.0000;6.000;1.000;4
AGUSA;Salvador Aguirre;86185;29.3194;-110.8228;2007-11-12 08:44:00;2007-11-12 09:44:00;1.0000;6.000;1.000;3
AGUSA;Salvador Aguirre;74780;29.3194;-110.8228;2007-11-13 07:50:00;2007-11-13 11:52:00;4.0000;6.000;1.000;9
AGUSA;Salvador Aguirre;39073;29.3194;-110.8228;2007-11-17 08:00:00;2007-11-17 12:20:00;4.3000;6.000;1.000;4
AGUSB;Salvador Aguirre;31204;29.3194;-110.8228;2007-11-07 09:41:00;2007-11-07 11:42:00;2.0000;6.000;1.000;2
AGUSO;Salvador Aguirre;87913;29.1047;-110.9617;2007-10-15 09:52:00;2007-10-15 11:52:00;2.0000;5.500;1.000;0
AGUSR;Salvador Aguirre;9091;29.1047;-110.9617;2007-10-17 08:55:00;2007-10-17 11:25:00;2.5000;5.500;1.000;0
BARGE;GEERT BARENTSEN;59368;50.7272;5.8247;2007-11-18 01:47:00;2007-11-18 02:15:00;0.4670;5.800;1.000;0
BARGE;GEERT BARENTSEN;59368;50.7272;5.8247;2007-11-18 02:15:00;2007-11-18 02:44:00;0.4830;5.760;1.000;0
BARGE;GEERT BARENTSEN;59368;50.7272;5.8247;2007-11-18 03:05:00;2007-11-18 03:37:00;0.5330;5.760;1.000;0
BARGE;GEERT BARENTSEN;59368;50.7272;5.8247;2007-11-18 03:37:00;2007-11-18 04:14:00;0.6170;5.750;1.000;0
BETFE;FELIX BETTONVIL;26486;28.7600;-17.7144;2007-10-22 03:32:00;2007-10-22 03:36:00;0.0670;6.510;1.000;0
BETFE;FELIX BETTONVIL;26486;28.7600;-17.7144;2007-10-22 03:36:00;2007-10-22 03:41:00;0.0830;6.510;1.000;0
BETFE;FELIX BETTONVIL;26486;28.7600;-17.7144;2007-10-22 03:41:00;2007-10-22 03:46:00;0.0830;6.510;1.000;0
BETFE;FELIX BETTONVIL;26486;28.7600;-17.7144;2007-10-22 03:46:00;2007-10-22 03:50:00;0.0670;6.510;1.000;0
BETFE;FELIX BETTONVIL;26486;28.7600;-17.7144;2007-10-22 03:50:00;2007-10-22 03:55:00;0.0830;6.440;1.000;0
BETFE;FELIX BETTONVIL;26486;28.7600;-17.7144;2007-10-22 03:55:00;2007-10-22 03:59:00;0.0670;6.580;1.000;0
BETFE;FELIX BETTONVIL;26486;28.7600;-17.7144;2007-10-22 03:59:00;2007-10-22 04:10:00;0.1830;6.500;1.000;0
BETFE;FELIX BETTONVIL;26486;28.7600;-17.7144;2007-10-22 04:10:00;2007-10-22 04:16:00;0.1000;6.500;1.000;0
BETFE;FELIX BETTONVIL;26486;28.7600;-17.7144;2007-10-22 04:16:00;2007-10-22 04:25:00;0.1500;6.500;1.000;0
BETFE;FELIX BETTONVIL;26486;28.7600;-17.7144;2007-10-22 04:25:00;2007-10-22 04:31:00;0.1000;6.500;1.000;1
BETFE;FELIX BETTONVIL;26486;28.7600;-17.7144;2007-10-22 04:31:00;2007-10-22 04:40:00;0.1500;6.500;1.000;0
BETFE;FELIX BETTONVIL;26486;28.7600;-17.7144;2007-10-22 04:40:00;2007-10-22 04:45:00;0.0830;6.500;1.000;0
BETFE;FELIX BETTONVIL;26486;28.7600;-17.7144;2007-10-22 04:45:00;2007-10-22 04:50:00;0.0830;6.500;1.000;0
BETFE;FELIX BETTONVIL;26486;28.7600;-17.7144;2007-10-22 04:50:00;2007-10-22 04:55:00;0.0830;6.400;1.000;0
BETFE;FELIX BETTONVIL;26486;28.7600;-17.7144;2007-10-22 04:55:00;2007-10-22 05:06:00;0.1830;6.290;1.000;1
BETFE;FELIX BETTONVIL;26486;28.7600;-17.7144;2007-10-22 05:06:00;2007-10-22 05:10:00;0.0670;6.300;1.000;0
BETFE;FELIX BETTONVIL;26486;28.7600;-17.7144;2007-10-22 05:10:00;2007-10-22 05:15:00;0.0830;6.300;1.000;0
BIEJA;Jean Marie  Biets;77378;50.8189;5.1383;2007-10-20 00:25:00;2007-10-20 00:45:00;0.3300;6.500;1.000;0
BIEJA;Jean Marie  Biets;77378;50.8189;5.1383;2007-10-20 02:00:00;2007-10-20 03:00:00;1.0000;6.500;1.000;1
BIEJA;Jean Marie  Biets;77378;50.8189;5.1383;2007-10-20 03:00:00;2007-10-20 04:00:00;1.0000;6.500;1.000;0
BIEJE;JEAN-MARIE BIETS;12645;50.8189;5.1383;2007-10-14 23:25:00;2007-10-15 00:00:00;0.5800;6.300;1.000;0
BIEJE;JEAN-MARIE BIETS;12645;50.8189;5.1383;2007-10-15 00:00:00;2007-10-15 01:00:00;1.0000;6.300;1.000;1
BIEJE;JEAN-MARIE BIETS;12645;50.8189;5.1383;2007-10-15 01:00:00;2007-10-15 02:00:00;1.0000;6.300;1.000;0
BIEJE;JEAN-MARIE BIETS;776;50.8189;5.1383;2007-10-23 01:45:00;2007-10-23 02:45:00;1.0000;6.200;1.000;2
BIEJE;JEAN-MARIE BIETS;776;50.8189;5.1383;2007-10-23 02:45:00;2007-10-23 03:45:00;1.0000;6.200;1.000;0
BIEJE;JEAN-MARIE BIETS;15818;50.8189;5.1383;2007-11-17 21:40:00;2007-11-17 22:40:00;1.0000;5.800;1.000;3
BIEJE;JEAN-MARIE BIETS;15818;50.8189;5.1383;2007-11-17 22:40:00;2007-11-17 23:40:00;0.7500;6.200;1.000;2
BIEJE;JEAN-MARIE BIETS;15818;50.8189;5.1383;2007-11-17 23:40:00;2007-11-18 00:40:00;1.0000;6.300;1.000;0
BIEJE;JEAN-MARIE BIETS;15818;50.8189;5.1383;2007-11-18 00:40:00;2007-11-18 01:40:00;0.7600;6.300;1.000;1
BIEJE;JEAN-MARIE BIETS;15818;50.8189;5.1383;2007-11-18 01:40:00;2007-11-18 02:40:00;1.0000;6.300;1.000;4
BIEJE;JEAN-MARIE BIETS;15818;50.8189;5.1383;2007-11-18 02:40:00;2007-11-18 03:40:00;1.0000;6.300;1.000;0
DAVMA;MARK DAVIS;25259;32.7583;-79.8556;2007-11-10 08:45:00;2007-11-10 09:45:00;1.0000;5.070;1.000;0
DAVMA;MARK DAVIS;25259;32.7583;-79.8556;2007-11-17 09:00:00;2007-11-17 10:30:00;1.5000;5.020;1.180;1
DESSI;SHISHIR DESHMUKH;4623;19.2567;73.2992;2007-11-17 19:33:00;2007-11-17 21:03:00;1.5000;5.270;1.000;3
DESSI;SHISHIR DESHMUKH;4623;19.2567;73.2992;2007-11-17 21:19:00;2007-11-17 22:49:00;1.5000;5.130;1.000;2
DESSI;SHISHIR DESHMUKH;4623;19.2567;73.2992;2007-11-17 23:05:00;2007-11-17 23:50:00;0.7500;4.910;1.000;0
DIJSI;SIETSE DIJKSTRA;52165;52.4147;6.9661;2007-10-14 00:45:00;2007-10-14 01:00:00;0.2500;6.100;1.000;2
DIJSI;SIETSE DIJKSTRA;52165;52.4147;6.9661;2007-10-14 01:00:00;2007-10-14 01:15:00;0.2500;6.100;1.000;0
DIJSI;SIETSE DIJKSTRA;52165;52.4147;6.9661;2007-10-14 01:15:00;2007-10-14 01:30:00;0.2500;6.200;1.000;0
DIJSI;SIETSE DIJKSTRA;52165;52.4147;6.9661;2007-10-14 01:45:00;2007-10-14 02:00:00;0.2500;6.200;1.000;1
DIJSI;SIETSE DIJKSTRA;52165;52.4147;6.9661;2007-10-14 02:00:00;2007-10-14 02:15:00;0.2500;6.200;1.000;0
DIJSI;SIETSE DIJKSTRA;52165;52.4147;6.9661;2007-10-14 02:15:00;2007-10-14 02:30:00;0.2500;6.200;1.000;0
DIJSI;SIETSE DIJKSTRA;52165;52.4147;6.9661;2007-10-14 02:30:00;2007-10-14 02:35:00;0.0830;6.200;1.000;0
DIJSI;SIETSE DIJKSTRA;52165;52.4147;6.9661;2007-10-14 03:00:00;2007-10-14 03:15:00;0.2500;6.200;1.000;0
DIJSI;SIETSE DIJKSTRA;52165;52.4147;6.9661;2007-10-14 03:15:00;2007-10-14 03:30:00;0.2500;6.200;1.000;0
DIJSI;SIETSE DIJKSTRA;52165;52.4147;6.9661;2007-10-14 03:30:00;2007-10-14 03:45:00;0.2500;6.100;1.000;0
DIJSI;SIETSE DIJKSTRA;52165;52.4147;6.9661;2007-10-14 03:45:00;2007-10-14 04:00:00;0.2500;6.100;1.000;1
DIJSI;SIETSE DIJKSTRA;3130;52.4167;7.1167;2007-10-19 23:52:00;2007-10-20 00:00:00;0.1300;6.200;1.000;0
DIJSI;SIETSE DIJKSTRA;3130;52.4167;7.1167;2007-10-20 00:00:00;2007-10-20 00:15:00;0.2500;6.200;1.000;0
DIJSI;SIETSE DIJKSTRA;3130;52.4167;7.1167;2007-10-20 00:15:00;2007-10-20 00:30:00;0.2500;6.200;1.000;0
DIJSI;SIETSE DIJKSTRA;3130;52.4167;7.1167;2007-10-20 00:30:00;2007-10-20 00:45:00;0.2500;6.200;1.000;1
DIJSI;SIETSE DIJKSTRA;3130;52.4167;7.1167;2007-10-20 00:45:00;2007-10-20 01:00:00;0.2500;6.200;1.000;0
DIJSI;SIETSE DIJKSTRA;3130;52.4167;7.1167;2007-10-20 01:00:00;2007-10-20 01:15:00;0.2500;6.300;1.000;1
DIJSI;SIETSE DIJKSTRA;3130;52.4167;7.1167;2007-10-20 01:15:00;2007-10-20 01:30:00;0.2500;6.300;1.000;0
DIJSI;SIETSE DIJKSTRA;3130;52.4167;7.1167;2007-10-20 01:30:00;2007-10-20 01:45:00;0.2500;6.300;1.000;0
DIJSI;SIETSE DIJKSTRA;3130;52.4167;7.1167;2007-10-20 01:58:00;2007-10-20 02:15:00;0.2800;6.300;1.000;0
DIJSI;SIETSE DIJKSTRA;3130;52.4167;7.1167;2007-10-20 02:15:00;2007-10-20 02:30:00;0.2500;6.300;1.000;1
DIJSI;SIETSE DIJKSTRA;3130;52.4167;7.1167;2007-10-20 02:30:00;2007-10-20 02:45:00;0.2500;6.200;1.000;0
DIJSI;SIETSE DIJKSTRA;3130;52.4167;7.1167;2007-10-20 02:45:00;2007-10-20 03:00:00;0.2500;6.200;1.000;0
DIJSI;SIETSE DIJKSTRA;3130;52.4167;7.1167;2007-10-20 03:00:00;2007-10-20 03:15:00;0.2500;6.200;1.000;0
DIJSI;SIETSE DIJKSTRA;3130;52.4167;7.1167;2007-10-20 03:15:00;2007-10-20 03:30:00;0.2500;6.200;1.000;0
DIJSI;SIETSE DIJKSTRA;3130;52.4167;7.1167;2007-10-20 03:30:00;2007-10-20 03:45:00;0.2500;6.200;1.000;0
DIJSI;SIETSE DIJKSTRA;3130;52.4167;7.1167;2007-10-20 03:45:00;2007-10-20 04:00:00;0.2500;6.200;1.000;1
DIJSI;SIETSE DIJKSTRA;3130;52.4167;7.1167;2007-10-20 04:00:00;2007-10-20 04:15:00;0.2500;6.200;1.000;0
DIJSI;SIETSE DIJKSTRA;34233;52.4142;6.9644;2007-10-21 22:15:00;2007-10-21 22:30:00;0.2500;5.500;1.000;0
DIJSI;SIETSE DIJKSTRA;34233;52.4142;6.9644;2007-10-21 22:30:00;2007-10-21 22:45:00;0.2500;5.700;1.000;1
DIJSI;SIETSE DIJKSTRA;34233;52.4142;6.9644;2007-10-21 22:45:00;2007-10-21 23:00:00;0.2500;5.700;1.000;0
DIJSI;SIETSE DIJKSTRA;34233;52.4142;6.9644;2007-10-21 23:00:00;2007-10-21 23:15:00;0.2500;5.700;1.000;0
DIJSI;SIETSE DIJKSTRA;34233;52.4142;6.9644;2007-10-21 23:15:00;2007-10-21 23:30:00;0.2500;5.700;1.000;0
DIJSI;SIETSE DIJKSTRA;34233;52.4142;6.9644;2007-10-21 23:30:00;2007-10-21 23:45:00;0.2500;5.700;1.000;0
DIJSI;SIETSE DIJKSTRA;34233;52.4142;6.9644;2007-10-21 23:45:00;2007-10-22 00:00:00;0.2500;5.700;1.000;0
DIJSI;SIETSE DIJKSTRA;34233;52.4142;6.9644;2007-10-22 00:00:00;2007-10-22 00:15:00;0.2500;5.800;1.000;1
DIJSI;SIETSE DIJKSTRA;34233;52.4142;6.9644;2007-10-22 00:15:00;2007-10-22 00:30:00;0.2500;6.000;1.000;0
DIJSI;SIETSE DIJKSTRA;34233;52.4142;6.9644;2007-10-22 00:30:00;2007-10-22 00:45:00;0.2500;6.100;1.000;0
DIJSI;SIETSE DIJKSTRA;34233;52.4142;6.9644;2007-10-22 00:45:00;2007-10-22 01:00:00;0.2500;6.200;1.000;0
DIJSI;SIETSE DIJKSTRA;34233;52.4142;6.9644;2007-10-22 01:00:00;2007-10-22 01:15:00;0.2500;6.200;1.000;0
DIJSI;SIETSE DIJKSTRA;34233;52.4142;6.9644;2007-10-22 01:15:00;2007-10-22 01:30:00;0.2500;6.200;1.000;2
DIJSI;SIETSE DIJKSTRA;34233;52.4142;6.9644;2007-10-22 01:30:00;2007-10-22 01:45:00;0.1300;6.200;1.000;0
DIJSI;SIETSE DIJKSTRA;34233;52.4142;6.9644;2007-10-22 01:45:00;2007-10-22 02:00:00;0.2200;6.200;1.000;0
DIJSI;SIETSE DIJKSTRA;34233;52.4142;6.9644;2007-10-22 02:00:00;2007-10-22 02:15:00;0.2500;6.200;1.000;0
DIJSI;SIETSE DIJKSTRA;34233;52.4142;6.9644;2007-10-22 02:15:00;2007-10-22 02:30:00;0.2500;6.200;1.000;0
DIJSI;SIETSE DIJKSTRA;34233;52.4142;6.9644;2007-10-22 02:30:00;2007-10-22 02:45:00;0.2500;6.200;1.000;0
DIJSI;SIETSE DIJKSTRA;34233;52.4142;6.9644;2007-10-22 02:45:00;2007-10-22 03:00:00;0.2500;6.200;1.000;0
DIJSI;SIETSE DIJKSTRA;34233;52.4142;6.9644;2007-10-22 03:00:00;2007-10-22 03:15:00;0.2500;6.200;1.000;0
DIJSI;SIETSE DIJKSTRA;34233;52.4142;6.9644;2007-10-22 03:15:00;2007-10-22 03:30:00;0.2500;6.200;1.000;0
DIJSI;SIETSE DIJKSTRA;34233;52.4142;6.9644;2007-10-22 03:30:00;2007-10-22 03:45:00;0.2500;6.200;1.000;0
DIJSI;SIETSE DIJKSTRA;34233;52.4142;6.9644;2007-10-22 03:45:00;2007-10-22 04:00:00;0.2500;6.200;1.000;0
DIJSI;SIETSE DIJKSTRA;34233;52.4142;6.9644;2007-10-22 04:00:00;2007-10-22 04:15:00;0.2500;6.200;1.000;0
DIJSI;SIETSE DIJKSTRA;34233;52.4142;6.9644;2007-10-22 04:15:00;2007-10-22 04:30:00;0.2500;6.100;1.000;0
DIJSI;SIETSE DIJKSTRA;34233;52.4142;6.9644;2007-10-22 04:30:00;2007-10-22 04:47:00;0.2800;6.000;1.000;0
DIJSI;SIETSE DIJKSTRA;1971;52.4142;6.9644;2007-10-23 02:15:00;2007-10-23 02:30:00;0.2500;6.100;1.000;1
DIJSI;SIETSE DIJKSTRA;1971;52.4142;6.9644;2007-10-23 02:30:00;2007-10-23 02:45:00;0.2300;6.200;1.000;0
DIJSI;SIETSE DIJKSTRA;1971;52.4142;6.9644;2007-10-23 02:45:00;2007-10-23 03:00:00;0.2500;6.200;1.000;0
DIJSI;SIETSE DIJKSTRA;1971;52.4142;6.9644;2007-10-23 03:00:00;2007-10-23 03:15:00;0.2500;6.200;1.000;0
DIJSI;SIETSE DIJKSTRA;1971;52.4142;6.9644;2007-10-23 03:15:00;2007-10-23 03:30:00;0.2500;6.200;1.000;0
DIJSI;SIETSE DIJKSTRA;1971;52.4142;6.9644;2007-10-23 03:30:00;2007-10-23 03:45:00;0.1700;6.200;1.000;0
DIJSI;SIETSE DIJKSTRA;1971;52.4142;6.9644;2007-10-23 03:45:00;2007-10-23 04:00:00;0.2500;6.200;1.000;0
DIJSI;SIETSE DIJKSTRA;1971;52.4142;6.9644;2007-10-23 04:00:00;2007-10-23 04:15:00;0.2500;6.100;1.000;0
DIJSI;SIETSE DIJKSTRA;1971;52.4142;6.9644;2007-10-23 04:15:00;2007-10-23 04:21:00;0.1000;6.100;1.000;0
DIJSI;SIETSE DIJKSTRA;16074;52.3017;6.6958;2007-11-15 01:50:00;2007-11-15 02:00:00;0.1700;6.100;1.000;0
DIJSI;SIETSE DIJKSTRA;16074;52.3017;6.6958;2007-11-15 02:00:00;2007-11-15 02:15:00;0.2500;6.200;1.000;0
DIJSI;SIETSE DIJKSTRA;16074;52.3017;6.6958;2007-11-15 02:15:00;2007-11-15 02:30:00;0.2500;6.200;1.000;0
DIJSI;SIETSE DIJKSTRA;16074;52.3017;6.6958;2007-11-15 02:30:00;2007-11-15 02:45:00;0.2500;6.200;1.000;0
DIJSI;SIETSE DIJKSTRA;16074;52.3017;6.6958;2007-11-15 02:45:00;2007-11-15 03:00:00;0.2500;6.200;1.000;0
DIJSI;SIETSE DIJKSTRA;16074;52.3017;6.6958;2007-11-15 03:00:00;2007-11-15 03:15:00;0.2500;6.200;1.000;0
DIJSI;SIETSE DIJKSTRA;16074;52.3017;6.6958;2007-11-15 03:15:00;2007-11-15 03:30:00;0.2500;6.200;1.000;0
DIJSI;SIETSE DIJKSTRA;16074;52.3017;6.6958;2007-11-15 03:30:00;2007-11-15 03:45:00;0.2500;6.200;1.000;1
DIJSI;SIETSE DIJKSTRA;16074;52.3017;6.6958;2007-11-15 03:45:00;2007-11-15 03:52:00;0.1200;6.200;1.000;0
DIJSI;SIETSE DIJKSTRA;16074;52.3017;6.6958;2007-11-15 04:00:00;2007-11-15 04:15:00;0.2500;6.200;1.000;1
DIJSI;SIETSE DIJKSTRA;16074;52.3017;6.6958;2007-11-15 04:15:00;2007-11-15 04:30:00;0.2500;6.200;1.000;1
DIJSI;SIETSE DIJKSTRA;16074;52.3017;6.6958;2007-11-15 04:30:00;2007-11-15 04:45:00;0.2500;6.200;1.000;0
DIJSI;SIETSE DIJKSTRA;85305;52.4150;6.9661;2007-11-17 22:00:00;2007-11-17 22:15:00;0.2500;6.100;1.000;1
DIJSI;SIETSE DIJKSTRA;85305;52.4150;6.9661;2007-11-17 22:15:00;2007-11-17 22:30:00;0.2500;6.200;1.000;0
DIJSI;SIETSE DIJKSTRA;85305;52.4150;6.9661;2007-11-17 22:30:00;2007-11-17 22:45:00;0.2500;6.200;1.000;0
DIJSI;SIETSE DIJKSTRA;85305;52.4150;6.9661;2007-11-17 22:45:00;2007-11-17 23:00:00;0.2500;6.200;1.000;0
DIJSI;SIETSE DIJKSTRA;85305;52.4150;6.9661;2007-11-17 23:00:00;2007-11-17 23:15:00;0.2500;6.200;1.000;0
DIJSI;SIETSE DIJKSTRA;85305;52.4150;6.9661;2007-11-17 23:15:00;2007-11-17 23:30:00;0.2500;6.200;1.000;0
DIJSI;SIETSE DIJKSTRA;85305;52.4150;6.9661;2007-11-17 23:30:00;2007-11-17 23:45:00;0.1700;6.200;1.000;0
DIJSI;SIETSE DIJKSTRA;85305;52.4150;6.9661;2007-11-17 23:45:00;2007-11-18 00:00:00;0.2500;6.200;1.000;0
DIJSI;SIETSE DIJKSTRA;85305;52.4150;6.9661;2007-11-18 00:00:00;2007-11-18 00:15:00;0.2500;6.200;1.000;0
DIJSI;SIETSE DIJKSTRA;85305;52.4150;6.9661;2007-11-18 00:15:00;2007-11-18 00:30:00;0.2500;6.200;1.000;0
DIJSI;SIETSE DIJKSTRA;85305;52.4150;6.9661;2007-11-18 00:30:00;2007-11-18 00:45:00;0.2500;6.200;1.000;0
DIJSI;SIETSE DIJKSTRA;85305;52.4150;6.9661;2007-11-18 00:45:00;2007-11-18 01:00:00;0.2500;6.200;1.000;0
DIJSI;SIETSE DIJKSTRA;85305;52.4150;6.9661;2007-11-18 01:00:00;2007-11-18 01:15:00;0.2500;6.200;1.000;2
DIJSI;SIETSE DIJKSTRA;85305;52.4150;6.9661;2007-11-18 01:15:00;2007-11-18 01:25:00;0.1700;6.200;1.000;1
DIJSI;SIETSE DIJKSTRA;85305;52.4150;6.9661;2007-11-18 01:43:00;2007-11-18 02:00:00;0.2800;6.200;1.000;0
DIJSI;SIETSE DIJKSTRA;85305;52.4150;6.9661;2007-11-18 02:00:00;2007-11-18 02:15:00;0.2500;6.200;1.000;0
DIJSI;SIETSE DIJKSTRA;85305;52.4150;6.9661;2007-11-18 02:15:00;2007-11-18 02:30:00;0.2500;6.200;1.000;0
DIJSI;SIETSE DIJKSTRA;85305;52.4150;6.9661;2007-11-18 02:30:00;2007-11-18 02:45:00;0.2500;6.200;1.000;1
DIJSI;SIETSE DIJKSTRA;85305;52.4150;6.9661;2007-11-18 02:45:00;2007-11-18 03:00:00;0.2500;6.200;1.000;0
DIJSI;SIETSE DIJKSTRA;85305;52.4150;6.9661;2007-11-18 03:00:00;2007-11-18 03:23:00;0.3800;6.200;1.000;0
DIJSI;SIETSE DIJKSTRA;85305;52.4150;6.9661;2007-11-18 03:29:00;2007-11-18 03:37:00;0.1300;6.200;1.000;0
DIJSI;SIETSE DIJKSTRA;58984;52.4150;6.9661;2007-11-18 23:05:00;2007-11-18 23:15:00;0.1700;5.900;1.000;0
DIJSI;SIETSE DIJKSTRA;58984;52.4150;6.9661;2007-11-18 23:15:00;2007-11-18 23:30:00;0.2500;6.000;1.000;0
DIJSI;SIETSE DIJKSTRA;58984;52.4150;6.9661;2007-11-18 23:30:00;2007-11-18 23:45:00;0.2500;6.100;1.000;0
DIJSI;SIETSE DIJKSTRA;58984;52.4150;6.9661;2007-11-18 23:45:00;2007-11-19 00:00:00;0.2500;6.100;1.000;0
DIJSI;SIETSE DIJKSTRA;58984;52.4150;6.9661;2007-11-19 00:00:00;2007-11-19 00:15:00;0.2500;6.100;1.000;0
DIJSI;SIETSE DIJKSTRA;58984;52.4150;6.9661;2007-11-19 00:15:00;2007-11-19 00:30:00;0.2500;6.100;1.000;0
DIJSI;SIETSE DIJKSTRA;58984;52.4150;6.9661;2007-11-19 00:30:00;2007-11-19 00:45:00;0.2500;6.100;1.000;0
DIJSI;SIETSE DIJKSTRA;58984;52.4150;6.9661;2007-11-19 00:45:00;2007-11-19 01:00:00;0.1700;6.100;1.000;0
DIJSI;SIETSE DIJKSTRA;58984;52.4150;6.9661;2007-11-19 01:00:00;2007-11-19 01:15:00;0.2500;6.200;1.000;0
DIJSI;SIETSE DIJKSTRA;58984;52.4150;6.9661;2007-11-19 01:15:00;2007-11-19 01:30:00;0.2500;6.200;1.000;0
DIJSI;SIETSE DIJKSTRA;58984;52.4150;6.9661;2007-11-19 01:30:00;2007-11-19 01:45:00;0.2500;6.200;1.000;0
DIJSI;SIETSE DIJKSTRA;58984;52.4150;6.9661;2007-11-19 01:45:00;2007-11-19 02:00:00;0.2100;6.200;1.000;1
DIJSI;SIETSE DIJKSTRA;58984;52.4150;6.9661;2007-11-19 02:00:00;2007-11-19 02:15:00;0.2500;6.200;1.000;0
DIJSI;SIETSE DIJKSTRA;58984;52.4150;6.9661;2007-11-19 02:15:00;2007-11-19 02:30:00;0.2500;6.200;1.000;1
DIJSI;SIETSE DIJKSTRA;58984;52.4150;6.9661;2007-11-19 02:30:00;2007-11-19 02:45:00;0.2500;6.100;1.000;0
DUBAU;AUDRIUS DUBIETIS;19183;54.8000;25.2000;2007-10-19 20:05:00;2007-10-19 21:05:00;1.0000;6.130;1.000;1
EINSH;SHLOMI EINI;5112;30.5972;34.7622;2007-11-18 21:50:00;2007-11-18 22:40:00;0.8300;5.800;1.400;6
EINSH;SHLOMI EINI;5112;30.5972;34.7622;2007-11-18 23:05:00;2007-11-19 00:00:00;0.9200;6.000;1.000;7
EINSH;SHLOMI EINI;5112;30.5972;34.7622;2007-11-19 00:00:00;2007-11-19 00:50:00;0.8300;6.000;1.000;4
EINSH;SHLOMI EINI;5112;30.5972;34.7622;2007-11-19 01:43:00;2007-11-19 02:50:00;1.0800;5.500;1.000;2
ENZFR;FRANK ENZLEIN;7868;52.6667;13.8500;2007-10-15 00:20:00;2007-10-15 02:10:00;1.7200;6.190;1.000;2
ENZFR;FRANK ENZLEIN;11131;52.6667;13.8500;2007-10-20 00:52:00;2007-10-20 01:22:00;0.4600;6.230;1.000;0
ENZFR;FRANK ENZLEIN;11131;52.6667;13.8500;2007-10-20 01:22:00;2007-10-20 01:52:00;0.4600;6.230;1.000;0
ENZFR;FRANK ENZLEIN;11131;52.6667;13.8500;2007-10-20 01:52:00;2007-10-20 02:22:00;0.4600;6.180;1.000;0
ENZFR;FRANK ENZLEIN;11131;52.6667;13.8500;2007-10-20 02:22:00;2007-10-20 02:52:00;0.4600;6.180;1.000;0
ENZFR;FRANK ENZLEIN;11131;52.6667;13.8500;2007-10-23 01:25:00;2007-10-23 01:55:00;0.5000;6.220;1.000;1
ENZFR;FRANK ENZLEIN;11131;52.6667;13.8500;2007-10-23 01:55:00;2007-10-23 02:25:00;0.5000;6.220;1.000;0
ENZFR;FRANK ENZLEIN;11131;52.6667;13.8500;2007-10-23 02:25:00;2007-10-23 02:55:00;0.5000;6.180;1.000;1
ENZFR;FRANK ENZLEIN;11131;52.6667;13.8500;2007-10-23 02:55:00;2007-10-23 03:25:00;0.5000;6.180;1.000;1
GODWI;WILLIAM GODLEY;75207;35.9478;-95.9622;2007-11-16 10:00:00;2007-11-16 11:00:00;1.0000;5.300;1.050;0
GODWI;WILLIAM GODLEY;3430;35.9478;-95.9622;2007-11-18 09:00:00;2007-11-18 09:10:00;0.1700;5.300;1.050;0
GODWI;WILLIAM GODLEY;3430;35.9478;-95.9622;2007-11-18 09:10:00;2007-11-18 09:20:00;0.1700;5.300;1.050;0
GODWI;WILLIAM GODLEY;3430;35.9478;-95.9622;2007-11-18 09:20:00;2007-11-18 09:30:00;0.1700;5.300;1.050;0
GODWI;WILLIAM GODLEY;3430;35.9478;-95.9622;2007-11-18 09:30:00;2007-11-18 09:40:00;0.1700;5.300;1.050;0
GODWI;WILLIAM GODLEY;3430;35.9478;-95.9622;2007-11-18 09:40:00;2007-11-18 09:50:00;0.1700;5.300;1.050;0
GODWI;WILLIAM GODLEY;3430;35.9478;-95.9622;2007-11-18 09:50:00;2007-11-18 10:00:00;0.1700;5.300;1.050;0
GODWI;WILLIAM GODLEY;3430;35.9478;-95.9622;2007-11-18 10:00:00;2007-11-18 10:10:00;0.1700;5.300;1.050;0
GODWI;WILLIAM GODLEY;3430;35.9478;-95.9622;2007-11-18 10:10:00;2007-11-18 10:20:00;0.1700;5.300;1.050;0
GODWI;WILLIAM GODLEY;3430;35.9478;-95.9622;2007-11-18 10:20:00;2007-11-18 10:30:00;0.1700;5.300;1.050;0
GODWI;WILLIAM GODLEY;3430;35.9478;-95.9622;2007-11-18 10:30:00;2007-11-18 10:40:00;0.1700;5.300;1.050;0
GODWI;WILLIAM GODLEY;3430;35.9478;-95.9622;2007-11-18 10:40:00;2007-11-18 10:50:00;0.1700;5.300;1.050;1
GODWI;WILLIAM GODLEY;3430;35.9478;-95.9622;2007-11-18 10:50:00;2007-11-18 11:00:00;0.1700;5.300;1.050;0
GOVMI;MITJA GOVEDIC;23127;46.3969;16.2689;2007-10-19 03:08:00;2007-10-19 04:08:00;0.8500;6.600;1.050;2
GOVMI;MITJA GOVEDIC;23127;46.3969;16.2689;2007-11-09 02:44:00;2007-11-09 03:32:00;0.8000;6.870;1.050;3
GOVMI;MITJA GOVEDIC;23127;46.3969;16.2689;2007-11-09 03:42:00;2007-11-09 04:13:00;0.5200;0.820;1.050;4
HALWA;WAYNE T. HALLY;25186;40.6811;-74.8983;2007-10-14 05:40:00;2007-10-14 06:43:00;1.0500;5.470;1.000;1
HALWA;WAYNE T. HALLY;25186;40.6811;-74.8983;2007-10-14 06:43:00;2007-10-14 07:46:00;1.0500;5.410;1.000;3
HALWA;WAYNE T. HALLY;25186;40.6811;-74.8983;2007-10-14 07:46:00;2007-10-14 08:49:00;1.0500;5.420;1.000;0
HALWA;WAYNE T. HALLY;25186;40.6811;-74.8983;2007-10-14 08:49:00;2007-10-14 09:52:00;1.0500;5.410;1.000;0
HALWA;WAYNE T. HALLY;25186;40.6811;-74.8983;2007-10-21 04:20:00;2007-10-21 04:50:00;0.5000;5.300;1.000;0
HALWA;WAYNE T. HALLY;25186;40.6811;-74.8983;2007-10-21 04:50:00;2007-10-21 05:20:00;0.5000;5.500;1.000;0
HALWA;WAYNE T. HALLY;25186;40.6811;-74.8983;2007-10-21 05:20:00;2007-10-21 05:50:00;0.5000;5.650;1.000;1
HALWA;WAYNE T. HALLY;25186;40.6811;-74.8983;2007-10-21 05:50:00;2007-10-21 06:20:00;0.5000;5.650;1.000;1
HALWA;WAYNE T. HALLY;25186;40.6811;-74.8983;2007-10-21 06:20:00;2007-10-21 06:50:00;0.5000;5.670;1.000;1
HALWA;WAYNE T. HALLY;25186;40.6811;-74.8983;2007-10-21 06:50:00;2007-10-21 07:08:00;0.3000;5.600;1.000;0
HALWA;WAYNE T. HALLY;25186;40.6811;-74.8983;2007-10-21 07:08:00;2007-10-21 07:26:00;0.3000;5.650;1.000;0
HALWA;WAYNE T. HALLY;25186;40.6811;-74.8983;2007-10-21 07:26:00;2007-10-21 07:59:00;0.5500;5.700;1.000;1
HALWA;WAYNE T. HALLY;25186;40.6811;-74.8983;2007-10-21 08:11:00;2007-10-21 08:29:00;0.3000;5.690;1.000;0
HALWA;WAYNE T. HALLY;25186;40.6811;-74.8983;2007-10-21 08:29:00;2007-10-21 08:41:00;0.2000;5.690;1.000;1
HALWA;WAYNE T. HALLY;25186;40.6811;-74.8983;2007-10-21 08:41:00;2007-10-21 09:05:00;0.4000;5.670;1.000;0
HALWA;WAYNE T. HALLY;25186;40.6811;-74.8983;2007-10-21 09:05:00;2007-10-21 09:17:00;0.2000;5.670;1.000;0
HALWA;WAYNE T. HALLY;25186;40.6811;-74.8983;2007-10-21 09:17:00;2007-10-21 09:32:00;0.2500;5.680;1.000;0
HALWA;WAYNE T. HALLY;25186;40.6811;-74.8983;2007-10-21 09:32:00;2007-10-21 09:50:00;0.3000;5.700;1.000;0
HALWA;WAYNE T. HALLY;25186;40.6811;-74.8983;2007-10-21 09:50:00;2007-10-21 10:11:00;0.3500;5.600;1.000;0
HALWA;WAYNE T. HALLY;25186;40.6811;-74.8983;2007-10-22 05:55:00;2007-10-22 06:10:00;0.2500;5.100;1.000;0
HALWA;WAYNE T. HALLY;25186;40.6811;-74.8983;2007-10-22 06:10:00;2007-10-22 06:25:00;0.2500;5.250;1.000;0
HALWA;WAYNE T. HALLY;25186;40.6811;-74.8983;2007-10-22 06:25:00;2007-10-22 06:40:00;0.2500;5.400;1.000;0
HALWA;WAYNE T. HALLY;25186;40.6811;-74.8983;2007-10-22 06:40:00;2007-10-22 06:55:00;0.2500;5.550;1.000;0
HALWA;WAYNE T. HALLY;25186;40.6811;-74.8983;2007-10-22 06:55:00;2007-10-22 07:25:00;0.5000;5.710;1.070;2
HALWA;WAYNE T. HALLY;25186;40.6811;-74.8983;2007-10-22 07:25:00;2007-10-22 07:40:00;0.2500;5.730;1.060;0
HALWA;WAYNE T. HALLY;25186;40.6811;-74.8983;2007-10-22 07:40:00;2007-10-22 07:46:00;0.1000;5.800;1.000;1
HALWA;WAYNE T. HALLY;25186;40.6811;-74.8983;2007-10-22 07:46:00;2007-10-22 07:55:00;0.1500;5.850;1.000;0
HALWA;WAYNE T. HALLY;25186;40.6811;-74.8983;2007-10-22 07:55:00;2007-10-22 08:10:00;0.2500;5.900;1.000;0
HALWA;WAYNE T. HALLY;25186;40.6811;-74.8983;2007-10-22 08:10:00;2007-10-22 08:25:00;0.2500;5.750;1.000;0
HALWA;WAYNE T. HALLY;25186;40.6811;-74.8983;2007-10-22 08:25:00;2007-10-22 08:43:00;0.3000;5.600;1.000;0
HALWA;WAYNE T. HALLY;25186;40.6811;-74.8983;2007-10-22 08:43:00;2007-10-22 08:55:00;0.2000;5.620;1.000;0
HALWA;WAYNE T. HALLY;25186;40.6811;-74.8983;2007-10-22 08:55:00;2007-10-22 09:10:00;0.2500;5.650;1.000;0
HALWA;WAYNE T. HALLY;25186;40.6811;-74.8983;2007-10-22 09:10:00;2007-10-22 09:25:00;0.2500;5.640;1.000;0
HALWA;WAYNE T. HALLY;25186;40.6811;-74.8983;2007-10-22 09:25:00;2007-10-22 09:40:00;0.2500;5.620;1.000;0
HALWA;WAYNE T. HALLY;25186;40.6811;-74.8983;2007-10-22 09:40:00;2007-10-22 09:55:00;0.2500;5.610;1.000;0
HALWA;WAYNE T. HALLY;25186;40.6811;-74.8983;2007-10-22 09:55:00;2007-10-22 10:13:00;0.3000;5.550;1.000;0
HALWA;WAYNE T. HALLY;25186;40.6811;-74.8983;2007-11-04 03:36:00;2007-11-04 04:38:00;0.9450;5.480;1.000;1
HALWA;WAYNE T. HALLY;25186;40.6811;-74.8983;2007-11-04 04:38:00;2007-11-04 05:40:00;0.9580;5.400;1.000;1
HALWA;WAYNE T. HALLY;25186;40.6811;-74.8983;2007-11-07 06:42:00;2007-11-07 07:42:00;1.0000;5.320;1.000;3
HALWA;WAYNE T. HALLY;25186;40.6811;-74.8983;2007-11-07 07:42:00;2007-11-07 08:42:00;1.0000;5.380;1.000;1
HALWA;WAYNE T. HALLY;25186;40.6811;-74.8983;2007-11-07 08:42:00;2007-11-07 09:49:00;1.0000;5.420;1.000;1
HALWA;WAYNE T. HALLY;25186;40.6811;-74.8983;2007-11-08 07:10:00;2007-11-08 08:10:00;1.0000;5.320;1.000;1
HALWA;WAYNE T. HALLY;25186;40.6811;-74.8983;2007-11-08 08:10:00;2007-11-08 09:10:00;1.0000;5.360;1.000;1
HALWA;WAYNE T. HALLY;25186;40.6811;-74.8983;2007-11-08 09:10:00;2007-11-08 10:10:00;1.0000;5.350;1.000;1
HALWA;WAYNE T. HALLY;25186;40.6811;-74.8983;2007-11-11 06:00:00;2007-11-11 07:00:00;1.0000;5.300;1.000;1
HALWA;WAYNE T. HALLY;25186;40.6811;-74.8983;2007-11-11 07:00:00;2007-11-11 08:00:00;1.0000;5.380;1.000;2
HALWA;WAYNE T. HALLY;25186;40.6811;-74.8983;2007-11-11 08:05:00;2007-11-11 09:08:00;1.0500;5.380;1.000;0
HALWA;WAYNE T. HALLY;25186;40.6811;-74.8983;2007-11-11 09:08:00;2007-11-11 10:11:00;1.0500;5.330;1.000;1
HEBVI;VILEM HEBLIK;93485;50.9478;14.5928;2007-10-14 22:30:00;2007-10-14 23:30:00;1.0000;5.800;1.000;1
HEBVI;VILEM HEBLIK;93485;50.9478;14.5928;2007-10-14 23:30:00;2007-10-15 00:30:00;1.0000;5.800;1.000;2
HEBVI;VILEM HEBLIK;93485;50.9478;14.5928;2007-10-15 00:30:00;2007-10-15 01:30:00;1.0000;5.750;1.000;1
HEBVI;VILEM HEBLIK;93485;50.9478;14.5928;2007-10-15 01:30:00;2007-10-15 02:30:00;1.0000;5.750;1.000;2
HEBVI;VILEM HEBLIK;93485;50.9478;14.5928;2007-10-15 02:30:00;2007-10-15 03:30:00;1.0000;5.800;1.000;1
HEBVI;VILEM HEBLIK;19027;50.0350;15.7258;2007-10-18 21:05:00;2007-10-18 22:10:00;1.0000;5.300;1.330;1
HEBVI;VILEM HEBLIK;64426;50.0350;15.7258;2007-10-22 02:00:00;2007-10-22 03:00:00;1.0000;5.300;1.110;1
HEBVI;VILEM HEBLIK;64426;50.0350;15.7258;2007-10-22 03:00:00;2007-10-22 03:30:00;0.5000;5.400;1.110;0
HEBVI;VILEM HEBLIK;72099;50.0350;15.7258;2007-11-19 01:45:00;2007-11-19 02:30:00;0.7500;5.200;1.110;3
HEBVI;VILEM HEBLIK;29621;50.0350;15.7258;2007-11-19 03:30:00;2007-11-19 04:15:00;0.7500;5.100;1.110;1
HERCR;CARL HERGENROTHER;20881;32.2697;-110.9303;2007-10-19 10:06:00;2007-10-19 11:00:00;0.8600;5.500;1.200;0
HERCR;CARL HERGENROTHER;20881;32.2697;-110.9303;2007-10-19 11:00:00;2007-10-19 11:41:00;0.6500;5.500;1.200;2
HERCR;CARL HERGENROTHER;20881;32.2697;-110.9303;2007-10-20 10:16:00;2007-10-20 11:16:00;0.9300;5.800;1.200;1
HERCR;CARL HERGENROTHER;20881;32.2697;-110.9303;2007-10-20 11:16:00;2007-10-20 12:16:00;0.9200;5.600;1.200;0
HERCR;CARL HERGENROTHER;20881;32.2697;-110.9303;2007-10-21 10:04:00;2007-10-21 11:04:00;0.9300;5.650;1.300;0
HERCR;CARL HERGENROTHER;20881;32.2697;-110.9303;2007-10-21 11:04:00;2007-10-21 11:42:00;0.5800;5.600;1.200;0
HERCR;CARL HERGENROTHER;20881;32.2697;-110.9303;2007-10-21 11:42:00;2007-10-21 12:20:00;0.5900;5.600;1.300;1
JIAJA;JiaWei MA JiaWei MA;60517;43.9925;125.5833;2007-11-15 12:33:00;2007-11-15 12:55:00;0.3700;4.250;1.000;6
JOHCA;CARL JOHANNINK;33536;52.4000;6.9667;2007-11-17 23:55:00;2007-11-18 00:45:00;0.8300;6.100;1.000;3
JOHCA;CARL JOHANNINK;33536;52.4000;6.9667;2007-11-18 00:45:00;2007-11-18 01:30:00;0.7500;6.100;1.000;1
JOHCA;CARL JOHANNINK;33536;52.4000;6.9667;2007-11-18 01:44:00;2007-11-18 02:30:00;0.7200;6.100;1.000;1
JOHCA;CARL JOHANNINK;33536;52.4000;6.9667;2007-11-18 02:30:00;2007-11-18 03:12:00;0.7000;6.100;1.000;2
KNOAN;ANDRE KNOFEL;26012;46.7806;13.1500;2007-10-08 18:07:00;2007-10-08 19:12:00;1.0500;6.510;1.000;0
KNOAN;ANDRE KNOFEL;26012;46.7806;13.1500;2007-10-08 19:35:00;2007-10-08 20:50:00;1.2500;6.520;1.000;1
KNOAN;ANDRE KNOFEL;26012;46.7806;13.1500;2007-10-08 21:37:00;2007-10-08 23:07:00;1.5000;6.510;1.000;3
KNOAN;ANDRE KNOFEL;26012;46.7806;13.1500;2007-10-11 18:53:00;2007-10-11 20:00:00;1.1100;6.480;1.000;2
KNOAN;ANDRE KNOFEL;26012;46.7806;13.1500;2007-10-11 20:43:00;2007-10-11 21:55:00;1.2000;6.510;1.000;1
KNOAN;ANDRE KNOFEL;26012;46.7806;13.1500;2007-10-11 22:48:00;2007-10-11 23:50:00;1.0300;6.520;1.000;3
KNOAN;ANDRE KNOFEL;26012;46.7806;13.1500;2007-10-12 19:21:00;2007-10-12 21:35:00;1.8300;6.480;1.000;3
KOLNK;Nikhil Kolthankar;4623;19.2567;73.2992;2007-11-17 19:36:00;2007-11-17 21:06:00;1.5000;5.660;1.000;3
KOZPE;Peter  Kozich;72536;38.8333;-89.3333;2007-10-21 09:15:00;2007-10-21 10:20:00;1.0000;5.250;1.120;1
KOZPE;Peter  Kozich;72536;38.8333;-89.3333;2007-10-21 10:30:00;2007-10-21 10:48:00;0.2500;5.250;1.080;1
KOZPE;Peter  Kozich;83053;38.8333;-89.4167;2007-11-17 10:10:00;2007-11-17 11:14:00;1.0200;5.200;1.000;3
KRADO;DOVILE KRAULEIDIENE;35616;54.8000;25.2000;2007-10-19 20:05:00;2007-10-19 21:05:00;1.0000;5.900;1.000;0
LACJE;JENS LACORNE;26687;43.1267;6.1511;2007-11-18 02:38:00;2007-11-18 03:00:00;0.3600;4.490;1.110;0
LACJE;JENS LACORNE;26687;43.1267;6.1511;2007-11-18 03:00:00;2007-11-18 03:35:00;0.5800;4.750;1.110;0
LACJE;JENS LACORNE;26687;43.1267;6.1511;2007-11-18 03:35:00;2007-11-18 03:45:00;0.1600;4.390;1.250;0
LACJE;JENS LACORNE;26687;43.1267;6.1511;2007-11-18 03:45:00;2007-11-18 03:51:00;0.1000;4.560;1.660;0
LEMGE;Greet Lembregts;91720;50.7272;5.8250;2007-11-18 02:05:00;2007-11-18 02:41:00;0.6000;5.750;1.000;1
LEMGE;Greet Lembregts;91720;50.7272;5.8250;2007-11-18 02:41:00;2007-11-18 02:57:00;0.2600;5.750;1.000;0
LEMJA;JAN LEMBREGTS;79125;50.7272;5.8250;2007-11-18 02:05:00;2007-11-18 02:41:00;0.6000;5.790;1.000;1
LEMJA;JAN LEMBREGTS;79125;50.7272;5.8250;2007-11-18 02:41:00;2007-11-18 02:49:00;0.1300;5.340;1.000;0
LEVAN;ANNA S. LEVINA;30822;30.5972;34.7622;2007-11-18 21:50:00;2007-11-18 22:40:00;0.8300;5.500;1.430;3
LEVAN;ANNA S. LEVINA;30822;30.5972;34.7622;2007-11-18 23:00:00;2007-11-19 00:00:00;1.0000;5.800;1.000;2
LEVAN;ANNA S. LEVINA;30822;30.5972;34.7622;2007-11-19 00:05:00;2007-11-19 00:50:00;0.7500;5.800;1.000;3
LEVAN;ANNA S. LEVINA;30822;30.5972;34.7622;2007-11-19 01:10:00;2007-11-19 02:00:00;0.8300;5.800;1.000;2
LEVAN;ANNA S. LEVINA;30822;30.5972;34.7622;2007-11-19 02:00:00;2007-11-19 02:30:00;0.5000;5.800;1.330;0
LEVAN;ANNA S. LEVINA;30822;30.5972;34.7622;2007-11-19 02:35:00;2007-11-19 03:10:00;0.5700;5.500;1.430;1
LINAL;ALISTER LING;44668;54.0833;-115.5333;2007-11-13 07:12:00;2007-11-13 08:35:00;1.3000;6.500;1.000;1
LINAL;ALISTER LING;44668;54.0833;-115.5333;2007-11-13 08:35:00;2007-11-13 08:52:00;0.2900;6.200;1.000;0
LINAL;ALISTER LING;44668;54.0833;-115.5333;2007-11-13 08:52:00;2007-11-13 09:35:00;0.7000;6.500;1.000;0
LINAL;ALISTER LING;44668;54.0833;-115.5333;2007-11-13 09:35:00;2007-11-13 09:54:00;0.3200;6.200;1.000;0
MARPI;PIERRE MARTIN;92972;45.3889;-76.4889;2007-10-21 05:25:00;2007-10-21 05:45:00;0.3330;6.300;1.000;2
MARPI;PIERRE MARTIN;92972;45.3889;-76.4889;2007-10-21 05:45:00;2007-10-21 06:05:00;0.3330;6.300;1.000;0
MARPI;PIERRE MARTIN;92972;45.3889;-76.4889;2007-10-21 06:05:00;2007-10-21 06:38:00;0.5500;6.300;1.000;0
MARPI;PIERRE MARTIN;92972;45.3889;-76.4889;2007-10-21 06:54:00;2007-10-21 07:01:00;0.1160;6.440;1.000;1
MARPI;PIERRE MARTIN;92972;45.3889;-76.4889;2007-10-21 07:26:00;2007-10-21 07:47:00;0.3330;6.440;1.040;0
MARPI;PIERRE MARTIN;92972;45.3889;-76.4889;2007-10-21 07:47:00;2007-10-21 08:09:00;0.3660;6.440;1.000;2
MARPI;PIERRE MARTIN;92972;45.3889;-76.4889;2007-10-21 08:16:00;2007-10-21 08:31:00;0.2500;6.440;1.000;1
MARPI;PIERRE MARTIN;92972;45.3889;-76.4889;2007-10-21 08:31:00;2007-10-21 08:46:00;0.2500;6.450;1.000;0
MARPI;PIERRE MARTIN;92972;45.3889;-76.4889;2007-10-21 08:46:00;2007-10-21 09:00:00;0.2330;6.450;1.000;0
MARPI;PIERRE MARTIN;92972;45.3889;-76.4889;2007-10-21 09:02:00;2007-10-21 09:15:00;0.2160;6.450;1.000;0
MARPI;PIERRE MARTIN;72478;45.3889;-76.4889;2007-10-22 07:15:00;2007-10-22 07:30:00;0.2500;6.500;1.000;0
MARPI;PIERRE MARTIN;72478;45.3889;-76.4889;2007-10-22 07:30:00;2007-10-22 07:45:00;0.2500;6.500;1.000;0
MARPI;PIERRE MARTIN;72478;45.3889;-76.4889;2007-10-22 07:45:00;2007-10-22 08:00:00;0.2500;6.500;1.000;1
MARPI;PIERRE MARTIN;72478;45.3889;-76.4889;2007-10-22 08:00:00;2007-10-22 08:15:00;0.2500;6.500;1.000;0
MARPI;PIERRE MARTIN;72478;45.3889;-76.4889;2007-10-22 08:15:00;2007-10-22 08:30:00;0.2500;6.570;1.000;0
MARPI;PIERRE MARTIN;72478;45.3889;-76.4889;2007-10-22 08:30:00;2007-10-22 08:45:00;0.2500;6.570;1.000;0
MARPI;PIERRE MARTIN;72478;45.3889;-76.4889;2007-10-22 08:45:00;2007-10-22 09:01:00;0.2660;6.570;1.000;0
MARPI;PIERRE MARTIN;72478;45.3889;-76.4889;2007-10-22 09:10:00;2007-10-22 09:20:00;0.1660;6.570;1.000;0
MARPI;PIERRE MARTIN;72478;45.3889;-76.4889;2007-10-22 09:27:00;2007-10-22 09:42:00;0.2410;6.570;1.000;0
MARPI;PIERRE MARTIN;72478;45.3889;-76.4889;2007-10-22 09:42:00;2007-10-22 09:57:00;0.2500;6.550;1.000;0
MARPI;PIERRE MARTIN;72478;45.3889;-76.4889;2007-10-22 09:57:00;2007-10-22 10:13:00;0.2660;6.450;1.000;0
MARPI;PIERRE MARTIN;72478;45.3889;-76.4889;2007-10-22 10:15:00;2007-10-22 10:25:00;0.1660;6.300;1.000;0
MCCBR;BRUCE MCCURDY;7142;53.5411;-113.0000;2007-10-07 04:37:00;2007-10-07 05:37:00;1.0000;5.600;1.000;1
MCCBR;BRUCE MCCURDY;64877;53.5367;-112.7800;2007-10-07 07:30:00;2007-10-07 08:00:00;0.5000;6.100;1.000;4
MCCBR;BRUCE MCCURDY;95427;53.5367;-112.7800;2007-10-09 05:30:00;2007-10-09 06:30:00;1.0000;5.900;1.000;1
MCCBR;BRUCE MCCURDY;92298;54.0428;-115.2658;2007-11-14 06:40:00;2007-11-14 07:40:00;1.0000;6.500;1.000;6
MCCBR;BRUCE MCCURDY;92298;54.0428;-115.2658;2007-11-14 07:40:00;2007-11-14 08:40:00;1.0000;6.400;1.000;1
MCCBR;BRUCE MCCURDY;92298;54.0428;-115.2658;2007-11-14 09:00:00;2007-11-14 10:00:00;1.0000;6.300;1.000;2
MCCBR;BRUCE MCCURDY;16899;53.5367;-112.7800;2007-11-19 09:50:00;2007-11-19 10:50:00;1.0000;6.100;1.000;3
MERFR;FREDERIC MERLIN;98914;49.8667;3.4333;2007-10-20 02:10:00;2007-10-20 02:40:00;0.5000;6.000;1.050;0
MERFR;FREDERIC MERLIN;98914;49.8667;3.4333;2007-10-20 02:40:00;2007-10-20 03:10:00;0.5000;6.100;1.050;1
MERFR;FREDERIC MERLIN;98914;49.8667;3.4333;2007-10-20 03:10:00;2007-10-20 03:40:00;0.5000;6.200;1.050;0
MERFR;FREDERIC MERLIN;98914;49.8667;3.4333;2007-10-20 03:40:00;2007-10-20 03:55:00;0.2500;6.000;1.050;0
MICVN;VANDEPUTTE MICHEL;64249;52.6667;7.0000;2007-10-22 00:30:00;2007-10-22 01:00:00;0.5000;6.600;1.000;0
MICVN;VANDEPUTTE MICHEL;64249;52.6667;7.0000;2007-10-22 01:00:00;2007-10-22 01:30:00;0.5000;6.600;1.000;1
MICVN;VANDEPUTTE MICHEL;64249;52.6667;7.0000;2007-10-22 01:30:00;2007-10-22 02:00:00;0.5000;6.600;1.000;1
MICVN;VANDEPUTTE MICHEL;64249;52.6667;7.0000;2007-10-22 02:00:00;2007-10-22 02:30:00;0.5000;6.600;1.000;0
MICVN;VANDEPUTTE MICHEL;64249;52.6667;7.0000;2007-10-22 02:30:00;2007-10-22 03:00:00;0.5000;6.600;1.000;0
MICVN;VANDEPUTTE MICHEL;64249;52.6667;7.0000;2007-10-22 03:00:00;2007-10-22 03:30:00;0.5000;6.600;1.000;0
MICVN;VANDEPUTTE MICHEL;64249;52.6667;7.0000;2007-10-22 03:30:00;2007-10-22 04:00:00;0.5000;6.600;1.000;0
MICVN;VANDEPUTTE MICHEL;64249;52.6667;7.0000;2007-10-22 04:00:00;2007-10-22 04:30:00;0.5000;6.500;1.000;0
MICVN;VANDEPUTTE MICHEL;64249;52.6667;7.0000;2007-10-22 04:30:00;2007-10-22 04:45:00;0.2500;6.400;1.000;0
MISKO;KOEN MISKOTTE;73817;52.3333;5.6667;2007-10-07 18:41:00;2007-10-07 19:26:00;0.7500;5.400;1.000;0
MISKO;KOEN MISKOTTE;11487;52.3333;5.3333;2007-10-13 23:52:00;2007-10-14 01:00:00;1.1300;6.500;1.000;2
MISKO;KOEN MISKOTTE;11487;52.3333;5.3333;2007-10-14 01:00:00;2007-10-14 02:00:00;0.9800;6.500;1.000;1
MISKO;KOEN MISKOTTE;11487;52.3333;5.3333;2007-10-14 02:00:00;2007-10-14 02:57:00;0.9500;6.500;1.000;0
MISKO;KOEN MISKOTTE;11487;52.3333;5.3333;2007-10-14 03:00:00;2007-10-14 04:00:00;1.0000;6.500;1.000;1
MISKO;KOEN MISKOTTE;11487;52.3333;5.3333;2007-10-14 04:00:00;2007-10-14 04:40:00;0.6700;6.330;1.000;0
MISKO;KOEN MISKOTTE;65763;52.3333;5.6667;2007-10-14 23:51:00;2007-10-15 00:52:00;1.0200;6.550;1.000;2
MISKO;KOEN MISKOTTE;65763;52.3333;5.6667;2007-10-15 00:52:00;2007-10-15 01:57:00;1.0800;6.550;1.000;0
MISKO;KOEN MISKOTTE;65763;52.3333;5.6667;2007-10-15 02:06:00;2007-10-15 03:21:00;1.2300;6.500;1.000;2
MISKO;KOEN MISKOTTE;65763;52.3333;5.6667;2007-10-15 03:21:00;2007-10-15 04:30:00;1.1300;6.410;1.000;0
MISKO;KOEN MISKOTTE;13434;52.3333;5.6667;2007-10-19 23:05:00;2007-10-20 00:05:00;1.0000;6.440;1.100;1
MISKO;KOEN MISKOTTE;13434;52.3333;5.6667;2007-10-20 00:05:00;2007-10-20 01:05:00;1.0000;6.520;1.000;0
MISKO;KOEN MISKOTTE;13434;52.3333;5.6667;2007-10-20 01:05:00;2007-10-20 01:55:00;0.8300;6.600;1.000;1
MISKO;KOEN MISKOTTE;13434;52.3333;5.6667;2007-10-20 01:55:00;2007-10-20 02:45:00;0.8300;6.600;1.000;0
MISKO;KOEN MISKOTTE;48529;52.3333;7.0000;2007-10-21 23:05:00;2007-10-21 23:30:00;0.4200;5.850;1.000;0
MISKO;KOEN MISKOTTE;48529;52.3333;7.0000;2007-10-21 23:30:00;2007-10-22 00:00:00;0.5000;6.100;1.000;0
MISKO;KOEN MISKOTTE;48529;52.3333;7.0000;2007-10-22 00:00:00;2007-10-22 00:30:00;0.5000;6.240;1.000;1
MISKO;KOEN MISKOTTE;48529;52.3333;7.0000;2007-10-22 00:30:00;2007-10-22 01:00:00;0.5000;6.500;1.000;0
MISKO;KOEN MISKOTTE;48529;52.3333;7.0000;2007-10-22 01:00:00;2007-10-22 01:30:00;0.4000;6.600;1.000;0
MISKO;KOEN MISKOTTE;30353;52.3333;5.6667;2007-10-22 01:23:00;2007-10-22 01:55:00;0.5300;5.730;1.000;0
MISKO;KOEN MISKOTTE;48529;52.3333;7.0000;2007-10-22 01:30:00;2007-10-22 02:00:00;0.5000;6.600;1.000;0
MISKO;KOEN MISKOTTE;30353;52.3333;5.6667;2007-10-22 01:55:00;2007-10-22 02:25:00;0.5000;6.330;1.000;0
MISKO;KOEN MISKOTTE;48529;52.3333;7.0000;2007-10-22 02:00:00;2007-10-22 02:30:00;0.5000;6.600;1.000;0
MISKO;KOEN MISKOTTE;30353;52.3333;5.6667;2007-10-22 02:25:00;2007-10-22 02:55:00;0.5000;6.400;1.000;0
MISKO;KOEN MISKOTTE;48529;52.3333;7.0000;2007-10-22 02:30:00;2007-10-22 03:00:00;0.5000;6.600;1.000;0
MISKO;KOEN MISKOTTE;30353;52.3333;5.6667;2007-10-22 02:55:00;2007-10-22 03:25:00;0.5000;6.400;1.000;1
MISKO;KOEN MISKOTTE;48529;52.3333;7.0000;2007-10-22 03:00:00;2007-10-22 03:30:00;0.5000;6.600;1.000;0
MISKO;KOEN MISKOTTE;48529;52.3333;7.0000;2007-10-22 03:30:00;2007-10-22 04:00:00;0.5000;6.550;1.000;0
MISKO;KOEN MISKOTTE;48529;52.3333;7.0000;2007-10-22 04:00:00;2007-10-22 04:30:00;0.5000;6.450;1.000;0
MISKO;KOEN MISKOTTE;48529;52.3333;7.0000;2007-10-22 04:30:00;2007-10-22 04:45:00;0.2500;5.900;1.000;0
MISKO;KOEN MISKOTTE;76464;52.3333;5.6667;2007-11-08 02:38:00;2007-11-08 03:50:00;1.0500;6.000;1.100;1
MISKO;KOEN MISKOTTE;11228;52.3333;5.6667;2007-11-08 02:38:00;2007-11-08 03:50:00;1.0500;6.000;1.100;1
MISKO;KOEN MISKOTTE;40990;52.3333;5.6667;2007-11-15 01:55:00;2007-11-15 03:05:00;1.0300;6.200;1.100;0
MISKO;KOEN MISKOTTE;35322;52.3333;5.6667;2007-11-17 00:50:00;2007-11-17 01:35:00;0.7500;6.400;1.000;0
MISKO;KOEN MISKOTTE;35322;52.3333;5.6667;2007-11-17 01:35:00;2007-11-17 02:20:00;0.7500;6.400;1.000;2
MISKO;KOEN MISKOTTE;35322;52.3333;5.6667;2007-11-17 02:20:00;2007-11-17 03:05:00;0.7500;6.350;1.000;0
MISKO;KOEN MISKOTTE;71469;52.3333;5.6667;2007-11-17 23:20:00;2007-11-17 23:50:00;0.5000;6.600;1.000;2
MISKO;KOEN MISKOTTE;71469;52.3333;5.6667;2007-11-17 23:50:00;2007-11-18 00:24:00;0.5300;6.600;1.000;1
MISKO;KOEN MISKOTTE;71469;52.3333;5.6667;2007-11-18 00:24:00;2007-11-18 00:57:00;0.5200;6.600;1.000;0
MISKO;KOEN MISKOTTE;71469;52.3333;5.6667;2007-11-18 00:57:00;2007-11-18 01:20:00;0.3800;6.600;1.000;1
MISKO;KOEN MISKOTTE;71469;52.3333;5.6667;2007-11-18 01:32:00;2007-11-18 02:07:00;0.5800;6.600;1.000;1
MISKO;KOEN MISKOTTE;71469;52.3333;5.6667;2007-11-18 02:07:00;2007-11-18 02:48:00;0.4800;6.600;1.000;1
MISKO;KOEN MISKOTTE;71469;52.3333;5.6667;2007-11-18 02:49:00;2007-11-18 03:20:00;0.5200;6.600;1.000;0
MISKO;KOEN MISKOTTE;71469;52.3333;5.6667;2007-11-18 03:20:00;2007-11-18 04:00:00;0.5700;6.600;1.000;2
MISKO;KOEN MISKOTTE;71469;52.3333;5.6667;2007-11-18 04:00:00;2007-11-18 04:30:00;0.3700;6.550;1.000;0
MISKO;KOEN MISKOTTE;71469;52.3333;5.6667;2007-11-18 04:30:00;2007-11-18 05:00:00;0.5000;6.500;1.000;0
MISKO;KOEN MISKOTTE;71469;52.3333;5.6667;2007-11-18 05:00:00;2007-11-18 05:35:00;0.5800;6.430;1.000;0
MORSA;SABINE WACHTER;26012;46.7806;13.1500;2007-10-08 18:25:00;2007-10-08 19:30:00;1.0800;6.670;1.000;1
MORSA;SABINE WACHTER;26012;46.7806;13.1500;2007-10-08 21:45:00;2007-10-08 22:50:00;1.0800;6.690;1.000;4
MORSA;SABINE WACHTER;26012;46.7806;13.1500;2007-10-11 20:02:00;2007-10-11 21:10:00;1.1300;6.660;1.000;6
MORSA;SABINE WACHTER;26012;46.7806;13.1500;2007-10-11 22:30:00;2007-10-11 23:30:00;1.0000;6.640;1.000;2
NATSV;SVEN NATHER;11149;52.3278;13.0639;2007-10-03 18:32:00;2007-10-03 21:20:00;2.7100;6.130;1.000;1
NATSV;SVEN NATHER;11149;52.3278;13.0639;2007-10-06 19:21:00;2007-10-06 22:36:00;3.1000;6.120;1.000;2
NATSV;SVEN NATHER;11149;52.3278;13.0639;2007-10-07 18:31:00;2007-10-07 19:52:00;1.2800;6.020;1.000;1
NATSV;SVEN NATHER;11149;52.3278;13.0639;2007-10-10 18:49:00;2007-10-10 21:01:00;2.0900;6.180;1.000;2
NATSV;SVEN NATHER;11149;52.3278;13.0639;2007-10-12 19:46:00;2007-10-12 21:54:00;2.0400;6.200;1.000;0
NATSV;SVEN NATHER;11149;52.3278;13.0639;2007-10-13 22:02:00;2007-10-14 00:08:00;2.0100;6.200;1.000;0
NATSV;SVEN NATHER;11149;52.3278;13.0639;2007-10-14 00:08:00;2007-10-14 02:16:00;2.0200;6.220;1.000;1
NATSV;SVEN NATHER;11149;52.3278;13.0639;2007-10-14 21:55:00;2007-10-14 23:28:00;1.4800;6.210;1.000;0
NATSV;SVEN NATHER;11149;52.3278;13.0639;2007-10-14 23:28:00;2007-10-15 01:02:00;1.4500;6.220;1.000;3
NATSV;SVEN NATHER;11149;52.3278;13.0639;2007-10-15 22:02:00;2007-10-16 00:09:00;2.0200;6.100;1.000;1
NATSV;SVEN NATHER;11149;52.3278;13.0639;2007-10-21 01:14:00;2007-10-21 01:40:00;0.4300;6.200;1.000;0
NATSV;SVEN NATHER;11149;52.3278;13.0639;2007-10-21 01:40:00;2007-10-21 02:06:00;0.4300;6.200;1.000;0
NATSV;SVEN NATHER;11149;52.3278;13.0639;2007-10-21 02:06:00;2007-10-21 02:38:00;0.5300;6.200;1.000;1
NATSV;SVEN NATHER;11149;52.3278;13.0639;2007-10-21 02:38:00;2007-10-21 03:02:00;0.4000;6.200;1.000;0
NATSV;SVEN NATHER;11149;52.3278;13.0639;2007-10-21 03:02:00;2007-10-21 03:33:00;0.5100;6.200;1.000;0
NILMO;Mohammad Nilforoushan;76849;34.2986;51.8131;2007-11-18 00:30:00;2007-11-18 00:40:00;0.1700;6.200;1.000;0
NILMO;Mohammad Nilforoushan;76849;34.2986;51.8131;2007-11-18 00:40:00;2007-11-18 00:50:00;0.1700;6.200;1.000;1
NILMO;Mohammad Nilforoushan;76849;34.2986;51.8131;2007-11-18 00:50:00;2007-11-18 01:00:00;0.1700;6.200;1.000;0
NILMO;Mohammad Nilforoushan;76849;34.2986;51.8131;2007-11-18 01:00:00;2007-11-18 01:10:00;0.1700;6.200;1.000;1
NILMO;Mohammad Nilforoushan;76849;34.2986;51.8131;2007-11-18 01:10:00;2007-11-18 01:20:00;0.1700;6.200;1.000;0
NILMO;Mohammad Nilforoushan;76849;34.2986;51.8131;2007-11-18 01:20:00;2007-11-18 01:30:00;0.1700;6.100;1.000;0
NILMO;Mohammad Nilforoushan;76849;34.2986;51.8131;2007-11-18 01:30:00;2007-11-18 01:40:00;0.1700;6.100;1.660;0
NILMO;Mohammad Nilforoushan;76849;34.2986;51.8131;2007-11-18 01:40:00;2007-11-18 01:50:00;0.1700;6.000;2.000;0
NILMO;Mohammad Nilforoushan;76849;34.2986;51.8131;2007-11-18 01:50:00;2007-11-18 02:00:00;0.1700;6.000;3.330;0
NOVTE;Tereza Novotna;62907;50.0350;15.7258;2007-10-22 02:00:00;2007-10-22 03:30:00;1.5000;5.300;1.110;2
NOVTE;Tereza Novotna;55008;50.0350;15.7258;2007-11-19 01:45:00;2007-11-19 02:30:00;0.7500;5.200;1.110;2
OSVDA;DANIEL VAN OS;97696;52.4167;6.9667;2007-11-17 22:00:00;2007-11-17 22:15:00;0.2500;5.700;1.000;1
OSVDA;DANIEL VAN OS;97696;52.4167;6.9667;2007-11-17 22:15:00;2007-11-17 22:30:00;0.2500;5.800;1.000;0
OSVDA;DANIEL VAN OS;97696;52.4167;6.9667;2007-11-17 22:30:00;2007-11-17 22:45:00;0.2500;5.800;1.000;0
OSVDA;DANIEL VAN OS;97696;52.4167;6.9667;2007-11-17 22:45:00;2007-11-17 23:00:00;0.2500;5.900;1.000;1
OSVDA;DANIEL VAN OS;97696;52.4167;6.9667;2007-11-17 23:00:00;2007-11-17 23:15:00;0.2500;6.100;1.000;1
OSVDA;DANIEL VAN OS;97696;52.4167;6.9667;2007-11-17 23:15:00;2007-11-17 23:30:00;0.2500;6.100;1.000;0
OSVDA;DANIEL VAN OS;97696;52.4167;6.9667;2007-11-17 23:30:00;2007-11-17 23:45:00;0.2500;6.100;1.000;0
OSVDA;DANIEL VAN OS;97696;52.4167;6.9667;2007-11-17 23:50:00;2007-11-18 00:00:00;0.1700;6.100;1.000;0
OSVDA;DANIEL VAN OS;97696;52.4167;6.9667;2007-11-18 00:00:00;2007-11-18 00:15:00;0.2500;6.100;1.000;0
OSVDA;DANIEL VAN OS;97696;52.4167;6.9667;2007-11-18 00:15:00;2007-11-18 00:30:00;0.2500;6.100;1.000;0
OSVDA;DANIEL VAN OS;97696;52.4167;6.9667;2007-11-18 00:30:00;2007-11-18 00:45:00;0.2500;6.100;1.000;0
OSVDA;DANIEL VAN OS;97696;52.4167;6.9667;2007-11-18 00:45:00;2007-11-18 01:00:00;0.2500;6.100;1.000;0
OSVDA;DANIEL VAN OS;97696;52.4167;6.9667;2007-11-18 01:00:00;2007-11-18 01:15:00;0.2500;6.100;1.000;1
OSVDA;DANIEL VAN OS;97696;52.4167;6.9667;2007-11-18 01:15:00;2007-11-18 01:30:00;0.2500;6.100;1.000;0
OSVDA;DANIEL VAN OS;97696;52.4167;6.9667;2007-11-18 01:30:00;2007-11-18 01:45:00;0.2500;6.100;1.000;0
OSVDA;DANIEL VAN OS;97696;52.4167;6.9667;2007-11-18 01:45:00;2007-11-18 02:00:00;0.2500;6.100;1.000;0
OSVDA;DANIEL VAN OS;97696;52.4167;6.9667;2007-11-18 02:00:00;2007-11-18 02:15:00;0.2500;6.100;1.000;0
OSVDA;DANIEL VAN OS;97696;52.4167;6.9667;2007-11-18 02:15:00;2007-11-18 02:30:00;0.2500;6.100;1.000;0
OSVDA;DANIEL VAN OS;97696;52.4167;6.9667;2007-11-18 02:55:00;2007-11-18 03:15:00;0.3300;6.100;1.000;0
OSVDA;DANIEL VAN OS;97696;52.4167;6.9667;2007-11-18 03:15:00;2007-11-18 03:30:00;0.2500;5.900;1.000;1
RENJU;JURGEN RENDTEL;11152;52.4594;12.9639;2007-10-06 23:48:00;2007-10-07 01:23:00;1.5500;6.030;1.000;1
RENJU;JURGEN RENDTEL;11152;52.4594;12.9639;2007-10-07 23:47:00;2007-10-08 01:23:00;1.5500;6.150;1.000;0
RENJU;JURGEN RENDTEL;11152;52.4594;12.9639;2007-10-14 00:43:00;2007-10-14 02:10:00;1.4000;6.320;1.000;3
RENJU;JURGEN RENDTEL;11152;52.4594;12.9639;2007-10-14 02:10:00;2007-10-14 03:37:00;1.4000;6.220;1.000;1
RENJU;JURGEN RENDTEL;11152;52.4594;12.9639;2007-10-15 00:50:00;2007-10-15 02:14:00;1.3500;6.310;1.000;3
RENJU;JURGEN RENDTEL;11152;52.4594;12.9639;2007-10-15 02:14:00;2007-10-15 03:38:00;1.3500;6.230;1.000;2
RENJU;JURGEN RENDTEL;11152;52.4594;12.9639;2007-10-15 22:50:00;2007-10-16 00:08:00;1.2000;6.110;1.000;0
RENJU;JURGEN RENDTEL;11152;52.4594;12.9639;2007-10-19 01:15:00;2007-10-19 01:48:00;0.5000;6.280;1.050;1
RENJU;JURGEN RENDTEL;11152;52.4594;12.9639;2007-10-19 02:02:00;2007-10-19 02:47:00;0.7500;6.230;1.050;1
RENJU;JURGEN RENDTEL;11152;52.4594;12.9639;2007-10-20 01:10:00;2007-10-20 01:40:00;0.5000;6.270;1.000;1
RENJU;JURGEN RENDTEL;11152;52.4594;12.9639;2007-10-20 01:40:00;2007-10-20 02:10:00;0.5000;6.270;1.000;1
RENJU;JURGEN RENDTEL;11152;52.4594;12.9639;2007-10-20 02:10:00;2007-10-20 02:40:00;0.5000;6.270;1.000;1
RENJU;JURGEN RENDTEL;11152;52.4594;12.9639;2007-10-20 02:40:00;2007-10-20 03:10:00;0.5000;6.210;1.000;0
RENJU;JURGEN RENDTEL;11152;52.4594;12.9639;2007-10-20 03:10:00;2007-10-20 03:40:00;0.5000;6.200;1.000;0
RENJU;JURGEN RENDTEL;11152;52.4594;12.9639;2007-10-20 03:40:00;2007-10-20 04:22:00;0.7000;6.150;1.000;1
RENJU;JURGEN RENDTEL;11152;52.4594;12.9639;2007-10-22 00:40:00;2007-10-22 01:10:00;0.5000;6.190;1.000;0
RENJU;JURGEN RENDTEL;11152;52.4594;12.9639;2007-10-22 01:10:00;2007-10-22 01:30:00;0.3330;6.190;1.000;0
RENJU;JURGEN RENDTEL;11152;52.4594;12.9639;2007-10-22 01:30:00;2007-10-22 02:00:00;0.5000;6.190;1.000;1
RENJU;JURGEN RENDTEL;11152;52.4594;12.9639;2007-10-22 02:00:00;2007-10-22 02:30:00;0.5000;6.200;1.000;1
RENJU;JURGEN RENDTEL;11152;52.4594;12.9639;2007-10-22 02:30:00;2007-10-22 03:00:00;0.5000;6.190;1.000;1
RENJU;JURGEN RENDTEL;11152;52.4594;12.9639;2007-10-22 03:00:00;2007-10-22 03:30:00;0.5000;6.170;1.000;0
RENJU;JURGEN RENDTEL;11152;52.4594;12.9639;2007-10-22 03:30:00;2007-10-22 04:00:00;0.5000;6.150;1.000;1
RENJU;JURGEN RENDTEL;11152;52.4594;12.9639;2007-10-22 04:00:00;2007-10-22 04:25:00;0.4160;6.120;1.000;1
RENJU;JURGEN RENDTEL;11152;52.4594;12.9639;2007-10-23 01:45:00;2007-10-23 02:15:00;0.5000;6.190;1.000;0
RENJU;JURGEN RENDTEL;11152;52.4594;12.9639;2007-10-23 02:15:00;2007-10-23 02:45:00;0.5000;6.200;1.000;0
RENJU;JURGEN RENDTEL;11152;52.4594;12.9639;2007-10-23 02:45:00;2007-10-23 03:15:00;0.5000;6.180;1.000;2
RENJU;JURGEN RENDTEL;11152;52.4594;12.9639;2007-10-23 03:15:00;2007-10-23 03:45:00;0.5000;6.170;1.000;0
RENJU;JURGEN RENDTEL;11152;52.4594;12.9639;2007-10-23 03:45:00;2007-10-23 04:15:00;0.5000;6.060;1.000;0
RENJU;JURGEN RENDTEL;11152;52.4594;12.9639;2007-11-19 04:05:00;2007-11-19 04:30:00;0.4000;6.000;1.280;0
RENJU;JURGEN RENDTEL;11152;52.4594;12.9639;2007-11-19 04:30:00;2007-11-19 04:48:00;0.3000;6.060;1.300;1
RENJU;JURGEN RENDTEL;11152;52.4594;12.9639;2007-11-19 04:54:00;2007-11-19 05:10:00;0.2500;5.880;1.500;1
RENJU;JURGEN RENDTEL;11152;52.4594;12.9639;2007-11-21 04:05:00;2007-11-21 05:20:00;1.2500;6.120;1.000;1
SCHNA;NATHAN SCHULPEN;61626;50.7667;5.7333;2007-11-18 01:40:00;2007-11-18 01:47:00;0.1167;5.826;1.000;2
SCHNA;NATHAN SCHULPEN;61626;50.7667;5.7333;2007-11-18 01:47:00;2007-11-18 01:53:00;0.1000;5.826;1.000;0
SCHNA;NATHAN SCHULPEN;61626;50.7667;5.7333;2007-11-18 01:53:00;2007-11-18 02:00:00;0.1167;5.780;1.000;0
SCHNA;NATHAN SCHULPEN;61626;50.7667;5.7333;2007-11-18 02:00:00;2007-11-18 02:06:00;0.1000;5.780;1.000;0
SCHNA;NATHAN SCHULPEN;61626;50.7667;5.7333;2007-11-18 02:06:00;2007-11-18 02:09:00;0.0500;5.780;1.000;0
SCHNA;NATHAN SCHULPEN;61626;50.7667;5.7333;2007-11-18 02:09:00;2007-11-18 02:14:00;0.0830;5.780;1.000;0
SCHNA;NATHAN SCHULPEN;61626;50.7667;5.7333;2007-11-18 02:14:00;2007-11-18 02:19:00;0.0830;5.780;1.000;0
SCHNA;NATHAN SCHULPEN;61626;50.7667;5.7333;2007-11-18 02:19:00;2007-11-18 02:22:00;0.0500;5.762;1.000;0
SCHNA;NATHAN SCHULPEN;61626;50.7667;5.7333;2007-11-18 02:22:00;2007-11-18 02:30:00;0.1330;5.762;1.000;0
SCHNA;NATHAN SCHULPEN;61626;50.7667;5.7333;2007-11-18 02:30:00;2007-11-18 02:36:00;0.1000;5.762;1.000;0
SCHNA;NATHAN SCHULPEN;61626;50.7667;5.7333;2007-11-18 02:36:00;2007-11-18 02:40:00;0.0667;5.762;1.000;0
SCHNA;NATHAN SCHULPEN;61626;50.7667;5.7333;2007-11-18 02:44:00;2007-11-18 02:49:00;0.0830;5.762;1.000;1
SCHNT;Nathan Schulpen;1379;50.7333;5.7333;2007-11-18 02:49:00;2007-11-18 03:01:00;0.2000;5.925;1.000;0
SCHNT;Nathan Schulpen;1379;50.7333;5.7333;2007-11-18 03:01:00;2007-11-18 03:05:00;0.0667;5.925;1.000;0
SCHNT;Nathan Schulpen;1379;50.7333;5.7333;2007-11-18 03:05:00;2007-11-18 03:10:00;0.0667;5.925;1.000;0
SCHNT;Nathan Schulpen;1379;50.7333;5.7333;2007-11-18 03:10:00;2007-11-18 03:16:00;0.1000;5.613;1.000;0
SCHNT;Nathan Schulpen;1379;50.7333;5.7333;2007-11-18 03:16:00;2007-11-18 03:21:00;0.0833;5.613;1.000;0
SCHNT;Nathan Schulpen;1379;50.7333;5.7333;2007-11-18 03:21:00;2007-11-18 03:27:00;0.1000;5.613;1.000;0
SCHNT;Nathan Schulpen;1379;50.7333;5.7333;2007-11-18 03:27:00;2007-11-18 03:33:00;0.1000;5.613;1.000;0
SCHNT;Nathan Schulpen;1379;50.7333;5.7333;2007-11-18 03:33:00;2007-11-18 03:37:00;0.0667;5.613;1.000;0
SCHNT;Nathan Schulpen;1379;50.7333;5.7333;2007-11-18 03:42:00;2007-11-18 03:48:00;0.1000;5.897;1.000;0
SCHNT;Nathan Schulpen;1379;50.7333;5.7333;2007-11-18 03:48:00;2007-11-18 03:52:00;0.0667;5.897;1.000;0
SCHNT;Nathan Schulpen;1379;50.7333;5.7333;2007-11-18 03:52:00;2007-11-18 03:57:00;0.0830;5.897;1.000;0
SCHNT;Nathan Schulpen;1379;50.7333;5.7333;2007-11-18 03:57:00;2007-11-18 04:00:00;0.0500;5.897;1.000;0
SCURE;RENE SCURBECQ;10443;51.2861;3.4667;2007-10-21 00:10:00;2007-10-21 01:00:00;0.8300;6.050;1.000;3
SCURE;RENE SCURBECQ;10443;51.2861;3.4667;2007-10-21 01:09:00;2007-10-21 02:00:00;0.8500;6.050;1.000;0
SCURE;RENE SCURBECQ;10443;51.2861;3.4667;2007-10-21 02:00:00;2007-10-21 03:00:00;1.0000;6.050;1.000;0
SCURE;RENE SCURBECQ;10443;51.2861;3.4667;2007-10-21 03:00:00;2007-10-21 03:33:00;0.5500;6.050;1.000;0
SCURE;RENE SCURBECQ;10443;51.2861;3.4667;2007-11-18 00:56:00;2007-11-18 01:30:00;0.5600;5.800;1.000;0
SCURE;RENE SCURBECQ;10443;51.2861;3.4667;2007-11-18 01:30:00;2007-11-18 02:00:00;0.5000;6.150;1.000;0
SCURE;RENE SCURBECQ;10443;51.2861;3.4667;2007-11-18 02:00:00;2007-11-18 02:30:00;0.5000;6.150;1.000;1
SCURE;RENE SCURBECQ;10443;51.2861;3.4667;2007-11-18 02:30:00;2007-11-18 03:00:00;0.5000;6.150;1.000;0
SCURE;RENE SCURBECQ;10443;51.2861;3.4667;2007-11-18 03:00:00;2007-11-18 03:30:00;0.5000;6.150;1.000;0
SCURE;RENE SCURBECQ;10443;51.2861;3.4667;2007-11-18 03:30:00;2007-11-18 04:00:00;0.5000;6.150;1.000;1
SPEUL;ULRICH SPERBERG;33695;52.8539;11.1461;2007-10-22 00:49:00;2007-10-22 01:00:00;0.1830;5.900;1.000;2
SPEUL;ULRICH SPERBERG;33695;52.8539;11.1461;2007-10-22 01:00:00;2007-10-22 01:15:00;0.2500;5.850;1.000;1
SPEUL;ULRICH SPERBERG;33695;52.8539;11.1461;2007-10-22 01:15:00;2007-10-22 01:30:00;0.2500;5.800;1.000;1
SPEUL;ULRICH SPERBERG;33695;52.8539;11.1461;2007-10-22 01:30:00;2007-10-22 01:42:00;0.2000;5.800;1.000;0
SPEUL;ULRICH SPERBERG;33695;52.8539;11.1461;2007-10-22 01:58:00;2007-10-22 02:16:00;0.3000;5.800;1.000;1
SPEUL;ULRICH SPERBERG;33695;52.8539;11.1461;2007-10-22 02:16:00;2007-10-22 02:26:00;0.1670;5.800;1.000;0
SPEUL;ULRICH SPERBERG;33695;52.8539;11.1461;2007-10-22 02:26:00;2007-10-22 02:36:00;0.1670;5.800;1.000;1
SPEUL;ULRICH SPERBERG;33695;52.8539;11.1461;2007-10-22 02:36:00;2007-10-22 02:46:00;0.1670;5.800;1.000;1
SPEUL;ULRICH SPERBERG;33695;52.8539;11.1461;2007-10-22 02:46:00;2007-10-22 03:00:00;0.2330;5.800;1.000;1
SPEUL;ULRICH SPERBERG;33695;52.8539;11.1461;2007-10-22 03:07:00;2007-10-22 03:16:00;0.1500;5.700;1.000;0
SPEUL;ULRICH SPERBERG;33695;52.8539;11.1461;2007-10-22 03:16:00;2007-10-22 03:30:00;0.2330;5.600;1.000;0
STOWE;WESLEY STONE;90306;42.5767;-121.8683;2007-10-21 11:08:00;2007-10-21 11:23:00;0.2460;6.840;1.430;0
STOWE;WESLEY STONE;90306;42.5767;-121.8683;2007-10-21 11:23:00;2007-10-21 11:38:00;0.2450;6.840;1.180;0
STOWE;WESLEY STONE;90306;42.5767;-121.8683;2007-10-21 11:38:00;2007-10-21 11:46:00;0.1310;6.880;1.000;1
STOWE;WESLEY STONE;90306;42.5767;-121.8683;2007-10-21 11:46:00;2007-10-21 11:53:00;0.1150;6.880;1.000;0
STOWE;WESLEY STONE;90306;42.5767;-121.8683;2007-10-21 11:53:00;2007-10-21 12:08:00;0.2480;6.880;1.000;0
STOWE;WESLEY STONE;90306;42.5767;-121.8683;2007-10-21 12:08:00;2007-10-21 12:23:00;0.2470;7.090;1.000;0
STOWE;WESLEY STONE;90306;42.5767;-121.8683;2007-10-21 12:23:00;2007-10-21 12:38:00;0.2470;7.090;1.000;0
STOWE;WESLEY STONE;90306;42.5767;-121.8683;2007-10-21 12:38:00;2007-10-21 12:45:00;0.1150;7.080;1.000;0
STOWE;WESLEY STONE;90306;42.5767;-121.8683;2007-10-21 12:45:00;2007-10-21 12:57:00;0.1970;7.080;1.000;0
TROBA;Blanca  Troughton Luque;76031;36.8433;-4.3569;2007-10-20 23:35:00;2007-10-21 00:05:00;0.4700;5.290;1.000;0
TROBA;Blanca  Troughton Luque;76031;36.8433;-4.3569;2007-10-21 00:06:00;2007-10-21 00:35:00;0.4500;5.290;1.000;0
TROBA;Blanca  Troughton Luque;76031;36.8433;-4.3569;2007-10-21 00:36:00;2007-10-21 01:05:00;0.4500;5.290;1.000;0
TROBA;Blanca  Troughton Luque;76031;36.8433;-4.3569;2007-10-21 01:06:00;2007-10-21 01:20:00;0.2200;5.290;1.000;1
TROBA;Blanca  Troughton Luque;76031;36.8433;-4.3569;2007-10-21 01:21:00;2007-10-21 01:35:00;0.2000;5.290;1.000;0
TROBA;Blanca  Troughton Luque;76031;36.8433;-4.3569;2007-10-21 01:36:00;2007-10-21 01:50:00;0.2000;5.290;1.000;0
TROBA;Blanca  Troughton Luque;76031;36.8433;-4.3569;2007-10-21 01:51:00;2007-10-21 02:13:00;0.3400;5.290;1.000;0
UCHSH;SHIGEO UCHIYAMA;69203;36.2306;140.1056;2007-10-24 17:57:00;2007-10-24 18:30:00;0.5500;4.700;1.050;0
UCHSH;SHIGEO UCHIYAMA;69203;36.2306;140.1056;2007-10-24 18:30:00;2007-10-24 19:00:00;0.5000;5.100;1.050;0
UCHSH;SHIGEO UCHIYAMA;69203;36.2306;140.1056;2007-10-24 19:00:00;2007-10-24 19:36:00;0.6000;5.600;1.000;0
UCHSH;SHIGEO UCHIYAMA;10638;36.2306;140.1056;2007-11-03 17:04:00;2007-11-03 18:04:00;1.0000;5.400;1.050;2
UCHSH;SHIGEO UCHIYAMA;10638;36.2306;140.1056;2007-11-03 18:04:00;2007-11-03 18:49:00;0.7500;5.400;1.050;1
UCHSH;SHIGEO UCHIYAMA;80353;36.2306;140.1056;2007-11-18 16:50:00;2007-11-18 17:40:00;0.8300;5.730;1.000;2
UCHSH;SHIGEO UCHIYAMA;80353;36.2306;140.1056;2007-11-18 17:44:00;2007-11-18 18:34:00;0.8300;5.730;1.000;3
UCHSH;SHIGEO UCHIYAMA;80353;36.2306;140.1056;2007-11-18 18:38:00;2007-11-18 19:28:00;0.8300;5.730;1.000;0
UCHSH;SHIGEO UCHIYAMA;35106;36.2306;140.1056;2007-11-20 17:46:00;2007-11-20 18:36:00;0.8300;5.600;1.000;1
UCHSH;SHIGEO UCHIYAMA;35106;36.2306;140.1056;2007-11-20 18:36:00;2007-11-20 19:26:00;0.8300;5.600;1.000;1
VADSI;SIMONA VADUVESCU;46650;19.7594;-155.4558;2007-10-21 08:45:00;2007-10-21 09:00:00;0.2500;4.500;1.000;1
VADSI;SIMONA VADUVESCU;46650;19.7594;-155.4558;2007-10-21 09:00:00;2007-10-21 09:15:00;0.2500;4.500;1.000;0
VADSI;SIMONA VADUVESCU;46650;19.7594;-155.4558;2007-10-21 09:15:00;2007-10-21 09:30:00;0.2500;4.500;1.000;0
VADSI;SIMONA VADUVESCU;46650;19.7594;-155.4558;2007-10-21 09:30:00;2007-10-21 09:45:00;0.2500;4.500;1.000;0
VADSI;SIMONA VADUVESCU;46650;19.7594;-155.4558;2007-10-21 09:45:00;2007-10-21 10:00:00;0.2500;4.500;1.000;0
VADSI;SIMONA VADUVESCU;46650;19.7594;-155.4558;2007-10-21 10:00:00;2007-10-21 10:15:00;0.2500;4.500;1.000;1
VADSI;SIMONA VADUVESCU;46650;19.7594;-155.4558;2007-10-21 10:15:00;2007-10-21 10:30:00;0.2500;4.500;1.000;1
VADSI;SIMONA VADUVESCU;46650;19.7594;-155.4558;2007-10-21 10:30:00;2007-10-21 10:45:00;0.2500;4.500;1.000;0
VADSI;SIMONA VADUVESCU;46650;19.7594;-155.4558;2007-10-21 10:45:00;2007-10-21 11:00:00;0.2500;4.500;1.000;2
VADSI;SIMONA VADUVESCU;46650;19.7594;-155.4558;2007-10-21 11:05:00;2007-10-21 11:20:00;0.2500;5.500;1.000;0
VADSI;SIMONA VADUVESCU;46650;19.7594;-155.4558;2007-10-21 11:20:00;2007-10-21 11:35:00;0.2500;5.500;1.000;0
VADSI;SIMONA VADUVESCU;46650;19.7594;-155.4558;2007-10-21 11:35:00;2007-10-21 11:50:00;0.2500;5.500;1.000;1
VADSI;SIMONA VADUVESCU;46650;19.7594;-155.4558;2007-10-21 11:50:00;2007-10-21 12:00:00;0.1670;6.000;1.000;2
VADSI;SIMONA VADUVESCU;46650;19.7594;-155.4558;2007-10-21 12:00:00;2007-10-21 12:05:00;0.0830;7.000;1.000;2
VADSI;SIMONA VADUVESCU;46650;19.7594;-155.4558;2007-10-21 12:05:00;2007-10-21 12:10:00;0.0830;7.000;1.000;1
VADSI;SIMONA VADUVESCU;46650;19.7594;-155.4558;2007-10-21 12:10:00;2007-10-21 12:25:00;0.2500;7.000;1.000;1
VADSI;SIMONA VADUVESCU;46650;19.7594;-155.4558;2007-10-21 12:25:00;2007-10-21 12:35:00;0.1670;7.000;1.000;0
VADSI;SIMONA VADUVESCU;46650;19.7594;-155.4558;2007-10-21 12:35:00;2007-10-21 12:45:00;0.1670;7.000;1.000;0
VADSI;SIMONA VADUVESCU;46650;19.7594;-155.4558;2007-10-21 12:45:00;2007-10-21 13:00:00;0.2500;7.000;1.000;1
VADSI;SIMONA VADUVESCU;46650;19.7594;-155.4558;2007-10-21 13:00:00;2007-10-21 13:10:00;0.1670;7.000;1.000;0
VADSI;SIMONA VADUVESCU;46650;19.7594;-155.4558;2007-10-21 13:10:00;2007-10-21 13:25:00;0.2500;7.000;1.000;0
VADSI;SIMONA VADUVESCU;46650;19.7594;-155.4558;2007-10-21 13:25:00;2007-10-21 13:40:00;0.2500;7.000;1.000;0
VADSI;SIMONA VADUVESCU;46650;19.7594;-155.4558;2007-10-21 13:40:00;2007-10-21 13:55:00;0.2500;7.000;1.000;0
VADSI;SIMONA VADUVESCU;46650;19.7594;-155.4558;2007-10-21 13:55:00;2007-10-21 14:05:00;0.1670;7.000;1.000;0
VADSI;SIMONA VADUVESCU;46650;19.7594;-155.4558;2007-10-21 14:05:00;2007-10-21 14:10:00;0.0830;7.000;1.000;0
VADSI;SIMONA VADUVESCU;46650;19.7594;-155.4558;2007-10-21 14:10:00;2007-10-21 14:15:00;0.0830;7.000;1.000;0
VADSI;SIMONA VADUVESCU;46650;19.7594;-155.4558;2007-10-21 14:15:00;2007-10-21 14:25:00;0.1170;7.000;1.000;1
VADSI;SIMONA VADUVESCU;46650;19.7594;-155.4558;2007-10-21 14:25:00;2007-10-21 14:30:00;0.0830;6.000;1.000;1
VADSI;SIMONA VADUVESCU;46650;19.7594;-155.4558;2007-10-21 14:30:00;2007-10-21 14:45:00;0.2500;5.000;1.000;2
VADSI;SIMONA VADUVESCU;46650;19.7594;-155.4558;2007-10-21 14:45:00;2007-10-21 14:55:00;0.1670;5.000;1.000;0
VADSI;SIMONA VADUVESCU;46650;19.7594;-155.4558;2007-10-21 14:55:00;2007-10-21 15:05:00;0.1670;4.500;1.000;0
VADSI;SIMONA VADUVESCU;46650;19.7594;-155.4558;2007-10-21 15:05:00;2007-10-21 15:25:00;0.2500;4.000;1.000;0
VANMC;MICHEL VANDEPUTTE;38801;50.7167;3.6333;2007-10-13 21:10:00;2007-10-13 22:10:00;1.0000;6.570;1.000;0
VANMC;MICHEL VANDEPUTTE;38801;50.7167;3.6333;2007-10-13 22:10:00;2007-10-13 23:10:00;1.0000;6.570;1.000;3
VANMC;MICHEL VANDEPUTTE;38801;50.7167;3.6333;2007-10-13 23:10:00;2007-10-14 00:10:00;1.0000;6.570;1.000;2
VANMC;MICHEL VANDEPUTTE;38801;50.7167;3.6333;2007-10-14 00:10:00;2007-10-14 01:10:00;1.0000;6.550;1.000;0
VANMC;MICHEL VANDEPUTTE;38801;50.7167;3.6333;2007-10-14 01:10:00;2007-10-14 02:10:00;1.0000;6.550;1.000;2
VANMC;MICHEL VANDEPUTTE;38801;50.7167;3.6333;2007-10-14 02:10:00;2007-10-14 03:10:00;1.0000;6.550;1.000;0
VANMC;MICHEL VANDEPUTTE;38801;50.7167;3.6333;2007-10-14 03:10:00;2007-10-14 04:10:00;1.0000;6.500;1.000;0
VANMC;MICHEL VANDEPUTTE;99337;50.7167;3.6333;2007-10-15 00:30:00;2007-10-15 01:30:00;1.0000;6.500;1.000;2
VANMC;MICHEL VANDEPUTTE;99337;50.7167;3.6333;2007-10-15 01:30:00;2007-10-15 02:30:00;1.0000;6.500;1.000;2
VANMC;MICHEL VANDEPUTTE;99337;50.7167;3.6333;2007-10-15 02:30:00;2007-10-15 03:30:00;1.0000;6.500;1.000;0
VANMC;MICHEL VANDEPUTTE;98509;50.7167;3.6333;2007-10-17 22:00:00;2007-10-17 23:15:00;1.2500;6.500;1.000;2
VANMC;MICHEL VANDEPUTTE;98509;50.7167;3.6333;2007-10-18 01:25:00;2007-10-18 02:21:00;0.8300;6.500;1.000;0
VANMC;MICHEL VANDEPUTTE;98509;50.7167;3.6333;2007-10-18 02:38:00;2007-10-18 03:38:00;1.0000;6.500;1.000;0
VANMC;MICHEL VANDEPUTTE;98509;50.7167;3.6333;2007-10-18 03:38:00;2007-10-18 04:20:00;0.7000;6.500;1.000;0
VANMC;MICHEL VANDEPUTTE;77129;50.7167;3.6333;2007-10-19 23:10:00;2007-10-19 23:40:00;0.5000;6.600;1.000;1
VANMC;MICHEL VANDEPUTTE;77129;50.7167;3.6333;2007-10-19 23:40:00;2007-10-20 00:10:00;0.5000;6.600;1.000;0
VANMC;MICHEL VANDEPUTTE;77129;50.7167;3.6333;2007-10-20 00:10:00;2007-10-20 00:40:00;0.5000;6.600;1.000;0
VANMC;MICHEL VANDEPUTTE;77129;50.7167;3.6333;2007-10-20 00:40:00;2007-10-20 01:10:00;0.5000;6.500;1.000;0
VANMC;MICHEL VANDEPUTTE;77129;50.7167;3.6333;2007-10-20 02:20:00;2007-10-20 02:50:00;0.5000;6.600;1.000;0
VANMC;MICHEL VANDEPUTTE;77129;50.7167;3.6333;2007-10-20 02:50:00;2007-10-20 03:20:00;0.5000;6.600;1.000;1
VANMC;MICHEL VANDEPUTTE;77129;50.7167;3.6333;2007-10-20 03:20:00;2007-10-20 03:50:00;0.5000;6.500;1.000;1
VANMC;MICHEL VANDEPUTTE;77129;50.7167;3.6333;2007-10-20 03:50:00;2007-10-20 04:20:00;0.5000;6.500;1.000;0
VANMC;MICHEL VANDEPUTTE;77129;50.7167;3.6333;2007-10-20 04:20:00;2007-10-20 04:45:00;0.4200;6.500;1.000;0
VANMC;MICHEL VANDEPUTTE;45020;50.7167;3.6333;2007-10-20 22:55:00;2007-10-20 23:25:00;0.5000;6.400;1.000;1
VANMC;MICHEL VANDEPUTTE;45020;50.7167;3.6333;2007-10-20 23:25:00;2007-10-20 23:55:00;0.5000;6.500;1.000;4
VANMC;MICHEL VANDEPUTTE;45020;50.7167;3.6333;2007-10-20 23:55:00;2007-10-21 00:25:00;0.5000;6.500;1.000;2
VANMC;MICHEL VANDEPUTTE;45020;50.7167;3.6333;2007-10-21 00:25:00;2007-10-21 00:55:00;0.5000;6.500;1.000;1
VANMC;MICHEL VANDEPUTTE;45020;50.7167;3.6333;2007-10-21 00:55:00;2007-10-21 01:25:00;0.5000;6.500;1.000;0
VANMC;MICHEL VANDEPUTTE;45020;50.7167;3.6333;2007-10-21 01:25:00;2007-10-21 01:55:00;0.5000;6.500;1.000;0
VANMC;MICHEL VANDEPUTTE;45020;50.7167;3.6333;2007-10-21 01:55:00;2007-10-21 02:25:00;0.5000;6.500;1.000;0
VANMC;MICHEL VANDEPUTTE;45020;50.7167;3.6333;2007-10-21 02:22:00;2007-10-21 02:55:00;0.5000;6.500;1.000;0
VANMC;MICHEL VANDEPUTTE;45020;50.7167;3.6333;2007-10-21 02:55:00;2007-10-21 03:25:00;0.5000;6.500;1.000;0
VANMC;MICHEL VANDEPUTTE;45020;50.7167;3.6333;2007-10-21 03:25:00;2007-10-21 03:55:00;0.5000;6.500;1.000;1
VANMC;MICHEL VANDEPUTTE;45020;50.7167;3.6333;2007-10-21 03:55:00;2007-10-21 04:25:00;0.5000;6.500;1.000;0
VANMC;MICHEL VANDEPUTTE;45020;50.7167;3.6333;2007-10-21 04:25:00;2007-10-21 04:55:00;0.5000;6.400;1.000;0
VANMC;MICHEL VANDEPUTTE;76321;50.7167;3.6333;2007-10-23 01:40:00;2007-10-23 02:10:00;0.5000;6.330;1.000;0
VANMC;MICHEL VANDEPUTTE;76321;50.7167;3.6333;2007-10-23 02:10:00;2007-10-23 02:40:00;0.5000;6.500;1.000;0
VANMC;MICHEL VANDEPUTTE;76321;50.7167;3.6333;2007-10-23 02:40:00;2007-10-23 03:10:00;0.5000;6.500;1.000;0
VANMC;MICHEL VANDEPUTTE;76321;50.7167;3.6333;2007-10-23 03:10:00;2007-10-23 03:40:00;0.5000;6.500;1.000;0
VANMC;MICHEL VANDEPUTTE;76321;50.7167;3.6333;2007-10-23 03:40:00;2007-10-23 04:10:00;0.5000;6.500;1.000;0
VANMC;MICHEL VANDEPUTTE;76321;50.7167;3.6333;2007-10-23 04:10:00;2007-10-23 04:40:00;0.5000;6.500;1.000;1
VANMC;MICHEL VANDEPUTTE;76321;50.7167;3.6333;2007-10-23 04:40:00;2007-10-23 05:00:00;0.3300;6.470;1.000;0
VANMC;MICHEL VANDEPUTTE;66567;50.7167;3.6333;2007-11-14 21:08:00;2007-11-14 21:55:00;0.7800;6.500;1.000;1
VANMC;MICHEL VANDEPUTTE;66567;50.7167;3.6333;2007-11-14 22:18:00;2007-11-14 23:09:00;0.8500;6.500;1.000;0
VANMC;MICHEL VANDEPUTTE;66567;50.7167;3.6333;2007-11-15 04:30:00;2007-11-15 05:35:00;1.0800;6.000;1.000;0
VANMC;MICHEL VANDEPUTTE;47277;50.7167;3.6333;2007-11-16 02:55:00;2007-11-16 03:45:00;0.8300;6.600;1.000;1
VANMC;MICHEL VANDEPUTTE;38531;50.7167;3.6333;2007-11-16 23:35:00;2007-11-17 00:35:00;1.0000;6.500;1.000;1
VANMC;MICHEL VANDEPUTTE;38531;50.7167;3.6333;2007-11-17 00:35:00;2007-11-17 01:35:00;1.0000;6.500;1.000;3
VANMC;MICHEL VANDEPUTTE;38531;50.7167;3.6333;2007-11-17 01:35:00;2007-11-17 02:35:00;1.0000;6.500;1.000;2
VANMC;MICHEL VANDEPUTTE;38531;50.7167;3.6333;2007-11-17 02:35:00;2007-11-17 03:35:00;1.0000;6.600;1.000;0
VANMC;MICHEL VANDEPUTTE;38531;50.7167;3.6333;2007-11-17 03:35:00;2007-11-17 04:35:00;1.0000;6.600;1.000;0
VANMC;MICHEL VANDEPUTTE;38531;50.7167;3.6333;2007-11-17 04:35:00;2007-11-17 05:35:00;1.0000;6.550;1.000;0
VANMC;MICHEL VANDEPUTTE;67192;50.7167;3.6333;2007-11-17 23:00:00;2007-11-17 23:30:00;0.5000;6.600;1.000;0
VANMC;MICHEL VANDEPUTTE;67192;50.7167;3.6333;2007-11-17 23:30:00;2007-11-18 00:00:00;0.5000;6.600;1.000;1
VANMC;MICHEL VANDEPUTTE;67192;50.7167;3.6333;2007-11-18 00:00:00;2007-11-18 00:30:00;0.5000;6.600;1.000;1
VANMC;MICHEL VANDEPUTTE;67192;50.7167;3.6333;2007-11-18 00:30:00;2007-11-18 01:00:00;0.5000;6.600;1.000;0
VANMC;MICHEL VANDEPUTTE;67192;50.7167;3.6333;2007-11-18 01:00:00;2007-11-18 01:30:00;0.5000;6.600;1.000;0
VANMC;MICHEL VANDEPUTTE;67192;50.7167;3.6333;2007-11-18 01:30:00;2007-11-18 02:00:00;0.5000;6.500;1.000;0
VANMC;MICHEL VANDEPUTTE;67192;50.7167;3.6333;2007-11-18 02:16:00;2007-11-18 03:00:00;0.7300;6.500;1.000;0
VANMC;MICHEL VANDEPUTTE;67192;50.7167;3.6333;2007-11-18 03:00:00;2007-11-18 03:30:00;0.5000;6.400;1.000;0
VANMC;MICHEL VANDEPUTTE;67192;50.7167;3.6333;2007-11-18 03:30:00;2007-11-18 04:00:00;0.5000;6.600;1.000;0
VANMC;MICHEL VANDEPUTTE;67192;50.7167;3.6333;2007-11-18 04:00:00;2007-11-18 04:30:00;0.5000;6.600;1.000;0
VANMC;MICHEL VANDEPUTTE;67192;50.7167;3.6333;2007-11-18 04:30:00;2007-11-18 05:00:00;0.5000;6.600;1.000;0
VANMC;MICHEL VANDEPUTTE;67192;50.7167;3.6333;2007-11-18 05:00:00;2007-11-18 05:30:00;0.5000;6.500;1.000;0
VANSI;SICCO VAN HOEGEE;24644;50.7167;3.6333;2007-11-16 23:35:00;2007-11-17 00:35:00;1.0000;6.200;1.000;1
VANSI;SICCO VAN HOEGEE;24644;50.7167;3.6333;2007-11-17 00:35:00;2007-11-17 01:35:00;1.0000;6.300;1.000;2
VANSI;SICCO VAN HOEGEE;24644;50.7167;3.6333;2007-11-17 01:35:00;2007-11-17 02:35:00;1.0000;6.300;1.000;0
VANSI;SICCO VAN HOEGEE;24644;50.7167;3.6333;2007-11-17 02:35:00;2007-11-17 03:35:00;1.0000;6.300;1.000;0
VANSI;SICCO VAN HOEGEE;24644;50.7167;3.6333;2007-11-17 03:35:00;2007-11-17 04:35:00;1.0000;6.400;1.000;0
VANSI;SICCO VAN HOEGEE;24644;50.7167;3.6333;2007-11-17 04:35:00;2007-11-17 05:35:00;1.0000;6.350;1.000;0
VANSI;SICCO VAN HOEGEE;15223;50.7167;3.6333;2007-11-17 23:00:00;2007-11-18 00:00:00;1.0000;6.400;1.000;2
VANSI;SICCO VAN HOEGEE;15223;50.7167;3.6333;2007-11-18 00:00:00;2007-11-18 01:00:00;1.0000;6.400;1.000;1
VANSI;SICCO VAN HOEGEE;15223;50.7167;3.6333;2007-11-18 01:00:00;2007-11-18 02:10:00;1.1700;6.300;1.000;0
VANSI;SICCO VAN HOEGEE;15223;50.7167;3.6333;2007-11-18 02:16:00;2007-11-18 03:00:00;0.7300;6.200;1.000;0
VANSI;SICCO VAN HOEGEE;15223;50.7167;3.6333;2007-11-18 03:00:00;2007-11-18 04:00:00;1.0000;6.400;1.000;0
VANSI;SICCO VAN HOEGEE;15223;50.7167;3.6333;2007-11-18 04:00:00;2007-11-18 05:20:00;1.3300;6.400;1.000;0
VINMY;MYRIAM VINGERHOETS;7513;51.1794;4.2450;2007-11-18 00:00:00;2007-11-18 01:30:00;1.4700;5.300;1.000;2
VINMY;MYRIAM VINGERHOETS;7513;51.1794;4.2450;2007-11-18 01:30:00;2007-11-18 03:00:00;1.2200;5.300;1.000;0
WAGAM;Amogh Waghmare;4623;19.2567;73.2992;2007-11-17 21:21:00;2007-11-17 22:48:00;1.4300;5.060;1.000;1
WATWI;WILLIAM WATSON;8196;42.6722;-78.3861;2007-10-22 07:46:00;2007-10-22 08:17:00;0.5200;6.200;1.000;0
WATWI;WILLIAM WATSON;8196;42.6722;-78.3861;2007-10-22 08:19:00;2007-10-22 08:49:00;0.5000;6.200;1.000;1
WATWI;WILLIAM WATSON;87774;42.9639;-78.9653;2007-10-25 06:39:00;2007-10-25 08:52:00;2.1400;3.920;1.000;1
WATWI;WILLIAM WATSON;87774;42.9639;-78.9653;2007-10-25 09:06:00;2007-10-25 10:00:00;0.8200;4.420;1.000;0
WATWI;WILLIAM WATSON;87774;42.9639;-78.9653;2007-10-25 10:00:00;2007-10-25 10:38:00;0.5800;4.350;1.000;0
WEITH;THOMAS WEILAND;92850;48.5031;16.5583;2007-10-19 22:15:00;2007-10-19 23:15:00;0.9800;6.200;1.000;1
WEITH;THOMAS WEILAND;92850;48.5031;16.5583;2007-10-19 23:15:00;2007-10-19 23:55:00;0.6400;6.200;1.090;0
WEITH;THOMAS WEILAND;92850;48.5031;16.5583;2007-10-20 00:30:00;2007-10-20 01:30:00;0.9700;6.200;1.020;1
WEITH;THOMAS WEILAND;92850;48.5031;16.5583;2007-10-20 01:30:00;2007-10-20 02:30:00;0.9500;6.200;1.010;0
WEITH;THOMAS WEILAND;92850;48.5031;16.5583;2007-10-20 02:30:00;2007-10-20 03:30:00;0.9600;6.200;1.000;0
WEITH;THOMAS WEILAND;92850;48.5031;16.5583;2007-10-20 03:30:00;2007-10-20 03:55:00;0.4000;6.000;1.140;0
ZIEJU;JURGA ZIENIUTE;56680;54.8000;25.2000;2007-10-19 20:05:00;2007-10-19 21:05:00;1.0000;5.900;1.000;1
